salary_delay_days,savings_balance_drop_pct,utility_payment_delay_days,upi_lending_txn_count,discretionary_spend_drop_pct,atm_withdrawals_count,failed_autodebit,default_risk
4,0.27,3,2,0.53,1,0,0
1,0.08,1,3,0.58,0,0,0
3,0.0,1,0,0.53,5,0,0
3,0.21,1,1,0.06,1,0,0
1,0.07,5,1,0.38,3,0,0
2,0.08,2,1,0.27,3,0,0
1,0.04,4,0,0.08,3,0,0
1,0.1,4,2,0.33,3,0,0
2,0.36,5,3,0.21,1,0,0
2,0.4,4,0,0.21,3,0,0
1,0.23,3,4,0.06,1,1,0
0,0.25,3,0,0.59,1,0,0
4,0.02,3,1,0.44,2,1,0
2,0.03,5,4,0.17,5,0,0
1,0.13,4,1,0.55,1,0,0
3,0.27,3,2,0.57,0,0,0
2,0.37,2,1,0.49,1,0,0
6,0.3,4,1,0.4,1,0,0
1,0.2,5,1,0.23,6,1,0
1,0.06,1,2,0.26,2,0,0
2,0.39,5,2,0.27,2,0,0
2,0.18,5,2,0.57,0,0,0
1,0.37,2,1,0.46,4,0,0
3,0.26,2,1,0.18,4,0,0
4,0.37,2,3,0.37,4,0,0
1,0.45,2,1,0.36,3,0,0
3,0.46,4,1,0.49,4,0,0
1,0.27,3,0,0.06,1,0,0
4,0.26,1,1,0.42,3,0,0
4,0.13,5,3,0.2,4,0,0
2,0.47,2,2,0.08,1,1,1
0,0.23,3,3,0.44,1,0,0
0,0.06,0,1,0.2,2,0,0
2,0.22,1,1,0.44,2,0,0
2,0.06,3,0,0.1,2,0,0
2,0.25,2,0,0.59,1,0,0
1,0.28,2,0,0.48,2,1,0
5,0.17,3,1,0.17,1,0,0
4,0.04,2,2,0.44,2,1,0
0,0.47,3,4,0.08,2,0,0
1,0.39,5,1,0.39,2,1,1
2,0.42,3,1,0.04,4,0,0
2,0.18,5,1,0.2,3,1,0
0,0.38,4,3,0.59,1,0,0
2,0.24,4,1,0.07,4,1,0
2,0.1,4,1,0.36,0,0,0
3,0.06,2,1,0.04,1,1,0
1,0.17,2,1,0.4,2,0,0
0,0.07,5,2,0.17,2,0,0
2,0.5,5,3,0.19,4,0,0
2,0.02,1,3,0.2,1,0,0
1,0.22,3,0,0.12,1,0,0
3,0.23,8,2,0.56,1,0,0
2,0.15,3,2,0.54,3,0,0
3,0.29,6,0,0.52,6,0,0
2,0.07,1,1,0.06,3,0,0
0,0.39,3,2,0.14,2,0,0
2,0.17,2,0,0.37,3,0,0
1,0.3,1,1,0.58,2,0,0
1,0.36,2,2,0.36,1,0,0
3,0.44,3,4,0.2,2,0,0
1,0.42,4,3,0.49,0,0,0
4,0.3,2,6,0.08,2,0,0
2,0.19,2,2,0.53,1,0,0
0,0.25,3,3,0.58,1,0,0
4,0.38,5,1,0.58,1,1,1
5,0.44,3,2,0.09,1,0,0
2,0.05,3,1,0.33,0,0,0
0,0.19,2,1,0.35,2,0,0
0,0.39,1,2,0.12,2,0,0
1,0.22,3,3,0.33,3,0,0
1,0.17,4,3,0.39,3,1,0
2,0.21,2,1,0.2,3,0,0
2,0.3,1,3,0.19,3,0,0
5,0.5,5,0,0.04,3,0,0
1,0.25,2,1,0.57,3,0,0
2,0.1,2,3,0.48,3,0,0
4,0.08,5,2,0.46,4,1,0
1,0.02,1,3,0.01,0,0,0
2,0.28,3,0,0.37,0,0,0
1,0.27,6,3,0.11,1,0,0
4,0.1,4,2,0.4,1,0,0
5,0.35,6,2,0.37,3,0,0
2,0.37,0,1,0.51,2,0,0
1,0.13,3,4,0.15,5,0,0
3,0.17,5,0,0.02,3,0,0
2,0.5,3,4,0.55,1,0,0
5,0.19,4,1,0.55,0,0,0
5,0.38,1,0,0.27,2,0,0
5,0.23,7,2,0.05,0,1,0
1,0.4,2,2,0.3,6,1,1
0,0.38,4,2,0.31,5,0,0
1,0.33,4,1,0.49,3,0,0
2,0.43,1,3,0.43,2,0,0
1,0.47,3,1,0.04,4,0,0
0,0.29,3,0,0.42,4,0,0
2,0.12,6,1,0.08,0,0,0
2,0.2,4,3,0.05,1,0,0
1,0.38,3,1,0.24,2,0,0
0,0.33,3,1,0.05,1,0,0
3,0.09,3,1,0.5,1,0,0
3,0.03,3,1,0.28,2,0,0
1,0.34,4,3,0.35,3,0,0
0,0.13,3,2,0.35,1,0,0
0,0.25,1,4,0.59,2,0,0
4,0.37,4,1,0.55,1,0,0
1,0.28,5,0,0.51,4,0,0
3,0.04,5,4,0.23,1,0,0
4,0.09,3,0,0.09,2,0,0
1,0.11,3,0,0.36,1,0,0
1,0.13,5,4,0.26,0,0,0
0,0.28,3,2,0.14,1,0,0
0,0.25,2,1,0.06,0,0,0
0,0.1,3,1,0.26,1,0,0
3,0.03,1,1,0.39,4,0,0
2,0.09,4,3,0.38,0,0,0
2,0.49,5,0,0.46,2,0,0
1,0.23,3,1,0.28,3,0,0
2,0.43,3,1,0.19,2,0,0
2,0.42,1,1,0.32,1,0,0
0,0.26,2,0,0.59,2,1,0
1,0.35,2,3,0.03,3,0,0
3,0.1,6,4,0.32,1,0,0
4,0.34,5,0,0.2,2,0,0
3,0.14,4,3,0.06,4,0,0
0,0.42,6,4,0.26,1,0,0
0,0.04,4,1,0.38,0,0,0
0,0.39,1,1,0.32,7,0,0
1,0.05,6,0,0.02,2,0,0
2,0.44,2,2,0.35,1,0,0
2,0.15,2,3,0.14,1,0,0
5,0.33,3,1,0.2,2,0,0
1,0.24,5,2,0.19,3,1,0
3,0.18,3,0,0.52,4,0,0
4,0.32,3,0,0.03,3,0,0
2,0.47,1,1,0.21,2,0,0
3,0.02,2,4,0.24,6,0,0
2,0.46,3,1,0.37,4,0,0
1,0.3,1,0,0.47,1,1,0
4,0.4,1,2,0.44,3,0,0
1,0.19,4,1,0.45,1,0,0
3,0.24,2,4,0.12,1,0,0
1,0.43,4,1,0.55,3,0,0
1,0.21,4,1,0.25,2,0,0
3,0.27,1,0,0.01,1,0,0
0,0.01,3,2,0.4,2,0,0
1,0.08,3,0,0.36,6,0,0
1,0.32,1,0,0.08,1,0,0
0,0.36,3,3,0.58,3,0,0
1,0.29,2,2,0.34,1,0,0
2,0.07,5,5,0.28,2,0,0
0,0.22,5,1,0.24,0,0,0
3,0.18,6,3,0.13,1,1,0
4,0.25,3,1,0.57,2,0,0
4,0.44,2,6,0.42,2,0,0
1,0.39,1,1,0.34,2,0,0
1,0.04,2,4,0.38,1,0,0
0,0.45,1,1,0.5,2,0,0
0,0.24,3,1,0.38,2,1,0
4,0.37,4,4,0.07,2,0,0
2,0.07,4,0,0.42,0,1,0
1,0.34,1,2,0.34,3,0,0
1,0.12,1,0,0.58,2,0,0
3,0.22,5,1,0.44,2,0,0
4,0.01,3,0,0.21,3,0,0
4,0.08,0,4,0.08,1,1,0
3,0.05,8,1,0.29,1,0,0
2,0.12,2,1,0.41,2,0,0
2,0.05,5,3,0.11,3,0,0
0,0.35,3,3,0.39,1,0,0
4,0.01,2,2,0.5,3,0,0
2,0.31,7,0,0.09,3,0,0
5,0.07,0,1,0.42,1,0,0
2,0.47,3,0,0.04,1,0,0
0,0.47,4,2,0.0,2,1,1
3,0.11,4,2,0.02,0,0,0
5,0.31,4,3,0.38,3,0,0
1,0.01,8,0,0.58,1,0,0
0,0.47,4,1,0.46,3,1,1
8,0.26,2,0,0.15,2,0,0
1,0.02,1,0,0.04,1,0,0
2,0.17,2,1,0.37,4,0,0
3,0.04,0,2,0.0,2,0,0
4,0.2,4,1,0.48,2,0,0
3,0.33,3,2,0.15,2,0,0
0,0.23,1,7,0.18,2,0,0
0,0.19,3,1,0.21,3,0,0
3,0.06,6,5,0.46,4,1,0
1,0.12,4,2,0.16,2,0,0
2,0.05,1,2,0.17,2,0,0
3,0.4,1,0,0.32,4,0,0
5,0.07,3,0,0.28,2,0,0
2,0.3,3,0,0.57,1,1,0
3,0.17,7,0,0.16,1,0,0
2,0.11,5,2,0.06,1,1,0
0,0.32,7,2,0.32,2,0,0
0,0.23,3,2,0.11,0,0,0
1,0.2,2,0,0.25,0,0,0
1,0.3,4,3,0.11,2,0,0
3,0.25,2,3,0.53,4,0,0
1,0.15,6,1,0.2,4,0,0
0,0.28,3,2,0.46,1,0,0
1,0.33,1,1,0.57,2,0,0
1,0.01,2,0,0.56,1,0,0
0,0.23,6,2,0.31,2,0,0
1,0.03,4,0,0.59,2,0,0
2,0.09,3,1,0.39,5,0,0
0,0.28,4,1,0.08,0,0,0
2,0.43,3,4,0.53,3,0,0
2,0.44,4,6,0.28,6,0,0
3,0.03,2,5,0.09,2,0,0
1,0.21,7,0,0.47,2,0,0
2,0.29,3,4,0.37,3,0,0
2,0.07,4,0,0.53,0,1,0
3,0.38,6,2,0.5,1,1,1
1,0.37,4,1,0.19,1,0,0
2,0.45,2,0,0.15,1,0,0
1,0.0,6,0,0.44,3,0,0
0,0.11,2,5,0.34,2,0,0
1,0.41,3,2,0.04,3,0,0
1,0.34,2,3,0.11,1,0,0
5,0.45,4,2,0.09,1,1,1
3,0.03,6,2,0.35,5,0,0
0,0.3,2,1,0.05,2,0,0
1,0.28,2,4,0.12,2,0,0
2,0.02,6,1,0.33,2,0,0
3,0.26,2,1,0.08,3,0,0
1,0.3,1,3,0.15,5,0,0
1,0.1,6,1,0.54,3,0,0
1,0.14,4,1,0.42,0,1,0
1,0.32,4,0,0.18,2,0,0
3,0.23,2,1,0.53,1,0,0
4,0.43,1,0,0.15,3,0,0
1,0.17,4,0,0.35,2,0,0
3,0.13,5,0,0.22,0,0,0
2,0.49,5,1,0.45,2,1,1
2,0.46,2,2,0.22,1,0,0
0,0.01,2,2,0.15,2,0,0
2,0.39,3,3,0.36,0,0,0
1,0.06,7,0,0.45,1,0,0
1,0.01,3,2,0.32,1,0,0
1,0.14,5,1,0.43,1,0,0
0,0.13,4,0,0.25,0,1,0
3,0.41,2,2,0.48,3,0,0
4,0.36,0,2,0.35,2,0,0
4,0.49,4,3,0.12,2,0,0
2,0.36,0,0,0.53,3,0,0
0,0.21,1,2,0.5,2,1,0
3,0.35,1,1,0.58,3,0,0
2,0.5,6,0,0.34,1,0,0
1,0.36,2,1,0.41,1,0,0
2,0.38,7,2,0.52,2,0,0
3,0.47,4,2,0.03,3,0,0
2,0.06,6,2,0.55,0,0,0
2,0.35,5,0,0.16,2,0,0
4,0.43,1,1,0.03,1,0,0
0,0.48,4,2,0.14,1,0,0
3,0.11,3,0,0.35,1,0,0
5,0.25,5,1,0.03,3,0,0
1,0.34,1,1,0.0,1,0,0
1,0.12,3,1,0.38,1,0,0
3,0.3,5,0,0.27,1,0,0
1,0.13,3,2,0.51,2,1,0
1,0.17,0,1,0.15,0,0,0
2,0.22,2,1,0.17,2,0,0
2,0.26,2,2,0.05,5,0,0
3,0.22,3,0,0.32,1,0,0
1,0.25,4,0,0.22,2,0,0
3,0.15,4,0,0.2,4,0,0
2,0.08,3,1,0.27,0,0,0
2,0.02,0,1,0.51,4,0,0
6,0.1,2,2,0.06,2,0,0
3,0.29,2,0,0.31,2,0,0
3,0.39,9,0,0.12,0,0,0
2,0.08,3,0,0.13,1,0,0
4,0.05,5,1,0.15,3,0,0
0,0.37,3,2,0.28,3,1,1
2,0.15,4,4,0.3,2,0,0
1,0.48,2,0,0.52,0,0,0
3,0.36,0,0,0.54,4,0,0
2,0.16,1,0,0.35,1,0,0
1,0.14,0,2,0.17,4,0,0
1,0.26,2,1,0.49,2,1,0
3,0.04,5,0,0.48,0,0,0
1,0.06,3,1,0.48,2,0,0
1,0.09,3,3,0.01,3,0,0
2,0.39,2,2,0.45,0,0,0
0,0.26,1,3,0.51,3,0,0
3,0.01,3,2,0.36,2,0,0
3,0.34,2,3,0.45,2,0,0
1,0.21,2,0,0.47,1,0,0
2,0.26,3,0,0.3,5,1,0
3,0.11,1,1,0.49,2,0,0
2,0.28,0,2,0.48,0,0,0
3,0.49,3,0,0.55,4,0,0
2,0.04,3,2,0.55,2,0,0
0,0.14,5,6,0.32,6,0,0
1,0.12,2,0,0.02,2,0,0
1,0.12,3,1,0.01,2,0,0
1,0.19,3,1,0.56,4,0,0
1,0.41,2,1,0.2,0,0,0
0,0.46,6,2,0.23,2,0,0
2,0.1,5,1,0.28,1,0,0
1,0.27,3,0,0.16,1,0,0
3,0.32,1,2,0.35,1,0,0
2,0.26,3,1,0.47,4,0,0
2,0.22,4,2,0.15,3,1,0
0,0.1,2,4,0.45,1,0,0
1,0.24,2,1,0.4,1,0,0
1,0.2,3,2,0.32,3,0,0
3,0.4,2,1,0.2,2,0,0
1,0.38,1,0,0.52,1,0,0
2,0.07,1,1,0.24,1,1,0
2,0.04,3,0,0.22,3,0,0
3,0.45,3,1,0.38,2,0,0
4,0.27,3,1,0.55,2,0,0
0,0.43,0,0,0.3,1,0,0
2,0.03,4,4,0.43,5,0,0
1,0.26,3,2,0.27,4,0,0
3,0.27,5,1,0.13,1,0,0
1,0.43,8,1,0.07,2,0,0
1,0.05,3,0,0.08,3,0,0
2,0.12,2,2,0.01,6,0,0
2,0.2,5,0,0.33,2,0,0
0,0.43,3,0,0.08,2,0,0
1,0.47,0,0,0.52,4,0,0
4,0.5,4,0,0.59,2,0,0
3,0.48,1,0,0.3,2,0,0
0,0.0,1,0,0.27,4,1,0
1,0.02,2,1,0.21,1,0,0
0,0.07,1,2,0.38,3,0,0
2,0.17,3,0,0.36,1,0,0
1,0.41,5,1,0.21,0,0,0
2,0.45,4,1,0.21,1,0,0
4,0.09,3,2,0.39,4,0,0
0,0.31,3,1,0.33,5,0,0
2,0.46,4,5,0.43,2,0,0
2,0.23,3,1,0.56,3,0,0
1,0.05,3,3,0.47,1,0,0
0,0.23,2,1,0.18,1,0,0
3,0.19,3,1,0.46,1,0,0
3,0.29,4,2,0.27,1,1,0
2,0.22,2,2,0.47,0,0,0
0,0.01,8,2,0.53,2,0,0
1,0.5,2,2,0.15,2,0,0
2,0.27,1,1,0.14,2,0,0
5,0.24,8,0,0.26,1,0,0
2,0.48,2,2,0.03,2,0,0
3,0.08,3,3,0.41,0,1,0
2,0.09,1,0,0.45,2,0,0
2,0.4,3,2,0.21,2,0,0
5,0.13,6,1,0.28,2,1,0
4,0.4,3,1,0.35,2,0,0
2,0.14,2,3,0.04,2,0,0
0,0.02,2,2,0.43,1,0,0
3,0.26,2,2,0.32,0,0,0
2,0.1,4,0,0.37,0,0,0
3,0.38,3,1,0.43,1,0,0
1,0.32,1,2,0.41,1,0,0
1,0.46,5,0,0.06,2,1,1
5,0.39,2,2,0.47,2,0,0
3,0.09,3,1,0.37,3,0,0
4,0.4,3,1,0.43,1,0,0
2,0.32,5,1,0.16,2,0,0
1,0.33,4,1,0.13,1,0,0
1,0.42,6,2,0.5,4,1,1
0,0.29,4,2,0.23,1,0,0
0,0.23,1,2,0.35,0,0,0
3,0.32,4,0,0.33,0,1,0
3,0.15,2,1,0.35,2,0,0
4,0.09,2,1,0.04,1,1,0
2,0.31,5,3,0.18,2,0,0
4,0.12,2,0,0.04,2,0,0
1,0.04,2,1,0.29,1,0,0
2,0.0,1,1,0.54,3,1,0
0,0.3,4,3,0.23,0,0,0
5,0.18,2,1,0.47,1,0,0
2,0.38,4,1,0.17,1,0,0
2,0.19,0,0,0.51,4,0,0
3,0.24,3,2,0.25,3,0,0
2,0.2,6,1,0.21,0,0,0
6,0.33,3,0,0.42,3,0,0
2,0.18,1,3,0.31,2,0,0
2,0.48,4,2,0.2,1,0,0
2,0.47,0,2,0.03,0,0,0
3,0.42,2,2,0.1,5,1,1
3,0.46,4,0,0.46,2,0,0
3,0.22,1,1,0.55,2,0,0
6,0.27,3,3,0.1,1,0,0
1,0.37,5,0,0.34,3,0,0
2,0.35,2,2,0.02,2,0,0
1,0.45,1,5,0.17,1,1,1
2,0.36,5,0,0.27,2,0,0
3,0.5,1,1,0.44,2,0,0
3,0.17,2,0,0.03,2,0,0
2,0.42,2,0,0.47,0,0,0
1,0.35,2,0,0.12,3,0,0
4,0.35,2,1,0.46,3,0,0
1,0.16,1,2,0.38,2,0,0
2,0.39,2,2,0.2,2,0,0
2,0.45,3,0,0.43,5,0,0
2,0.11,3,2,0.14,1,1,0
0,0.31,0,2,0.13,1,0,0
4,0.2,5,2,0.04,5,0,0
1,0.49,7,2,0.24,1,0,0
0,0.24,3,2,0.06,1,0,0
2,0.11,1,1,0.25,4,0,0
2,0.19,3,5,0.01,0,1,0
3,0.33,1,2,0.09,2,0,0
2,0.04,3,2,0.56,2,0,0
0,0.3,3,0,0.48,4,0,0
2,0.47,1,2,0.14,1,0,0
2,0.43,5,2,0.43,4,0,0
3,0.03,4,4,0.4,0,0,0
2,0.5,0,0,0.11,0,1,1
2,0.35,3,1,0.22,2,0,0
0,0.08,1,0,0.55,3,0,0
3,0.01,11,1,0.44,4,1,0
3,0.09,0,1,0.46,4,0,0
4,0.42,4,1,0.34,2,0,0
0,0.01,3,3,0.4,2,0,0
4,0.12,3,1,0.31,1,0,0
0,0.38,0,3,0.44,1,0,0
2,0.29,1,2,0.44,2,0,0
1,0.39,4,1,0.02,6,0,0
2,0.37,7,0,0.38,2,0,0
2,0.03,1,1,0.38,3,0,0
0,0.45,0,0,0.04,1,0,0
2,0.11,2,2,0.25,3,1,0
4,0.28,4,1,0.54,1,0,0
1,0.32,2,5,0.57,1,0,0
2,0.08,3,0,0.47,2,0,0
3,0.49,3,1,0.09,3,1,1
0,0.24,1,0,0.22,1,0,0
2,0.03,3,2,0.11,4,0,0
1,0.47,2,5,0.39,4,0,0
0,0.29,4,3,0.46,3,0,0
1,0.35,4,2,0.53,2,0,0
3,0.26,2,1,0.52,0,0,0
1,0.42,1,1,0.06,2,1,1
2,0.02,3,3,0.08,3,0,0
1,0.13,2,2,0.55,3,1,0
5,0.23,5,2,0.51,0,0,0
1,0.04,3,2,0.28,1,0,0
4,0.35,3,3,0.26,2,1,0
2,0.2,7,3,0.33,1,0,0
0,0.14,4,4,0.36,0,0,0
1,0.0,2,0,0.15,2,0,0
3,0.36,4,4,0.24,3,0,0
2,0.42,3,2,0.37,7,0,0
3,0.2,3,2,0.12,2,1,0
3,0.28,6,2,0.6,2,0,0
1,0.11,2,2,0.17,1,0,0
0,0.31,0,1,0.33,2,0,0
1,0.01,3,2,0.33,2,1,0
4,0.24,3,3,0.27,3,0,0
2,0.32,1,2,0.14,1,0,0
4,0.46,3,0,0.34,2,0,0
3,0.19,0,0,0.05,1,0,0
2,0.38,2,0,0.23,3,0,0
3,0.3,4,2,0.13,1,0,0
2,0.46,6,1,0.07,1,0,0
2,0.2,3,0,0.56,2,0,0
2,0.16,3,2,0.42,4,0,0
3,0.44,0,1,0.1,2,0,0
1,0.02,7,2,0.57,4,0,0
2,0.07,3,4,0.13,4,0,0
3,0.04,4,3,0.14,3,1,0
2,0.42,5,1,0.08,3,0,0
0,0.01,2,1,0.44,1,1,0
1,0.43,0,2,0.34,0,1,1
2,0.23,1,1,0.03,1,0,0
2,0.0,1,1,0.02,4,1,0
1,0.2,2,1,0.32,1,0,0
0,0.09,2,1,0.39,2,0,0
5,0.31,3,2,0.49,1,0,0
2,0.34,2,1,0.29,4,0,0
1,0.24,3,1,0.41,3,0,0
2,0.02,3,0,0.44,4,0,0
0,0.33,6,1,0.37,6,0,0
2,0.42,4,1,0.21,1,0,0
1,0.36,4,3,0.08,2,0,0
3,0.41,1,2,0.39,3,1,1
4,0.1,0,2,0.46,0,1,0
2,0.44,4,0,0.11,3,0,0
0,0.16,2,1,0.3,2,0,0
2,0.01,7,0,0.24,4,1,0
2,0.42,3,1,0.12,4,0,0
3,0.47,1,1,0.15,2,0,0
5,0.33,1,4,0.14,2,0,0
2,0.12,4,2,0.25,1,0,0
3,0.13,3,2,0.23,0,0,0
3,0.23,4,1,0.33,0,0,0
2,0.45,3,1,0.06,0,0,0
5,0.07,2,2,0.35,0,1,0
2,0.41,0,0,0.01,1,0,0
5,0.15,1,1,0.15,2,0,0
0,0.4,3,2,0.3,3,1,1
1,0.46,3,0,0.41,0,0,0
1,0.21,3,0,0.46,2,0,0
2,0.18,1,0,0.02,3,1,0
1,0.4,6,2,0.32,3,0,0
1,0.26,2,3,0.21,4,0,0
0,0.34,2,1,0.42,3,0,0
3,0.31,5,1,0.17,2,0,0
3,0.08,4,1,0.45,2,0,0
0,0.42,4,2,0.36,2,0,0
1,0.1,2,0,0.47,4,0,0
2,0.47,8,0,0.59,0,1,1
5,0.13,5,2,0.55,2,1,0
1,0.37,5,1,0.36,2,0,0
3,0.14,7,0,0.54,2,0,0
0,0.16,2,1,0.09,2,1,0
2,0.16,2,2,0.03,1,0,0
1,0.37,3,0,0.32,2,0,0
1,0.28,6,1,0.58,1,0,0
2,0.44,2,3,0.43,0,0,0
2,0.15,6,3,0.18,2,0,0
1,0.35,6,1,0.4,0,0,0
1,0.38,4,0,0.02,3,1,1
1,0.08,5,1,0.28,2,0,0
1,0.2,4,2,0.14,3,0,0
3,0.24,2,1,0.03,1,0,0
2,0.18,2,2,0.15,3,0,0
5,0.16,6,3,0.43,2,0,0
1,0.34,5,1,0.33,1,1,0
3,0.11,2,2,0.01,2,0,0
2,0.35,2,0,0.25,3,1,0
3,0.47,4,1,0.45,0,0,0
3,0.28,3,6,0.57,1,0,0
3,0.31,3,0,0.52,3,0,0
0,0.03,6,2,0.0,4,0,0
3,0.43,3,0,0.13,1,0,0
2,0.14,4,3,0.12,1,0,0
1,0.31,4,4,0.25,3,0,0
2,0.49,4,2,0.39,4,1,1
3,0.3,4,1,0.09,3,0,0
0,0.36,5,1,0.55,2,0,0
2,0.22,0,1,0.47,2,0,0
0,0.03,3,0,0.25,2,0,0
0,0.4,1,0,0.35,3,0,0
2,0.02,3,1,0.33,3,0,0
1,0.35,10,4,0.35,1,0,0
0,0.01,3,3,0.52,0,0,0
1,0.43,3,0,0.12,2,0,0
2,0.08,2,0,0.41,5,0,0
3,0.26,2,3,0.06,2,0,0
4,0.3,1,4,0.28,0,0,0
2,0.23,4,3,0.38,1,0,0
2,0.17,4,0,0.01,2,1,0
2,0.23,5,0,0.06,1,0,0
0,0.16,6,0,0.05,1,0,0
2,0.22,2,3,0.22,1,0,0
3,0.18,2,1,0.37,3,0,0
1,0.28,2,3,0.6,2,0,0
6,0.12,2,0,0.15,2,1,1
1,0.49,1,0,0.08,0,0,0
3,0.25,2,1,0.25,2,1,0
1,0.1,4,4,0.09,5,0,0
1,0.24,4,2,0.01,1,0,0
3,0.43,3,5,0.34,2,0,0
3,0.01,2,3,0.53,5,0,0
3,0.34,2,3,0.52,7,1,0
1,0.27,2,1,0.06,0,0,0
6,0.08,1,3,0.09,0,0,0
0,0.41,2,1,0.29,5,0,0
1,0.18,3,1,0.22,1,0,0
4,0.15,2,6,0.42,3,0,0
0,0.41,3,3,0.3,1,0,0
5,0.32,5,1,0.01,3,0,0
2,0.45,5,1,0.17,4,0,0
1,0.31,1,2,0.54,3,0,0
0,0.37,3,0,0.31,3,0,0
0,0.42,6,1,0.48,3,0,0
4,0.03,3,1,0.24,2,0,0
2,0.39,3,0,0.41,1,0,0
2,0.31,1,2,0.1,6,0,0
1,0.03,2,1,0.44,4,0,0
0,0.25,0,1,0.47,4,0,0
2,0.04,2,2,0.05,3,0,0
1,0.37,4,0,0.11,1,0,0
3,0.27,5,0,0.28,2,0,0
0,0.48,6,1,0.38,4,0,0
1,0.09,6,2,0.38,2,0,0
1,0.3,6,2,0.4,2,0,0
4,0.11,3,0,0.43,1,0,0
3,0.31,3,1,0.3,2,1,0
2,0.36,5,1,0.34,3,0,0
2,0.36,2,2,0.01,3,0,0
2,0.41,4,0,0.1,0,0,0
2,0.43,4,0,0.3,2,0,0
2,0.04,4,2,0.45,1,0,0
1,0.17,5,3,0.49,2,0,0
0,0.34,4,3,0.44,0,0,0
4,0.25,6,0,0.29,3,0,0
0,0.1,3,2,0.17,1,0,0
3,0.28,0,2,0.27,1,0,0
1,0.2,2,0,0.01,6,0,0
2,0.2,5,0,0.36,3,0,0
2,0.4,1,1,0.04,1,1,1
5,0.2,2,0,0.09,3,1,0
1,0.01,7,1,0.38,0,0,0
1,0.03,2,2,0.01,3,0,0
5,0.43,5,0,0.34,1,1,1
1,0.48,4,2,0.38,2,0,0
1,0.34,2,2,0.47,2,1,0
3,0.18,2,1,0.04,5,0,0
0,0.47,1,1,0.0,2,1,1
1,0.33,0,2,0.46,3,0,0
0,0.42,2,1,0.17,2,1,1
0,0.38,3,0,0.53,2,0,0
3,0.19,3,4,0.11,4,0,0
3,0.24,2,1,0.35,5,0,0
1,0.09,3,4,0.07,1,0,0
2,0.15,2,3,0.24,2,0,0
0,0.39,5,2,0.53,1,1,1
0,0.45,2,2,0.37,3,0,0
4,0.36,3,2,0.41,1,0,0
1,0.23,1,0,0.14,1,0,0
4,0.04,4,2,0.55,3,1,0
4,0.03,0,3,0.37,0,0,0
4,0.19,1,1,0.06,1,0,0
2,0.23,6,0,0.01,1,0,0
2,0.3,3,1,0.01,3,0,0
3,0.0,4,1,0.03,2,0,0
2,0.49,5,3,0.55,1,0,0
5,0.18,8,1,0.22,1,0,0
5,0.42,7,2,0.18,2,0,0
1,0.27,3,2,0.25,0,0,0
2,0.07,3,2,0.25,4,0,0
1,0.4,1,1,0.14,3,0,0
2,0.35,7,1,0.06,1,0,0
4,0.26,8,2,0.07,1,0,0
2,0.26,1,1,0.36,1,0,0
4,0.04,5,2,0.24,1,1,0
1,0.33,3,2,0.54,3,0,0
3,0.46,5,2,0.28,2,0,0
2,0.05,2,4,0.3,2,0,0
3,0.13,3,0,0.56,1,1,0
3,0.45,4,2,0.3,1,0,0
1,0.14,6,0,0.3,2,0,0
3,0.33,1,2,0.22,1,0,0
1,0.27,7,1,0.43,1,0,0
3,0.3,3,1,0.24,1,1,0
4,0.21,4,2,0.35,4,0,0
2,0.15,6,2,0.27,1,0,0
3,0.02,2,2,0.32,1,0,0
3,0.37,0,0,0.5,3,0,0
3,0.37,1,2,0.25,2,0,0
3,0.34,4,2,0.14,3,0,0
1,0.32,3,2,0.34,2,0,0
0,0.12,3,0,0.56,3,0,0
4,0.01,4,3,0.42,3,1,0
1,0.4,5,1,0.19,2,1,1
2,0.25,1,2,0.58,4,0,0
1,0.15,7,6,0.21,3,0,0
5,0.05,6,1,0.59,3,0,0
1,0.03,2,1,0.12,2,0,0
2,0.17,3,2,0.6,2,0,0
2,0.4,4,0,0.05,1,0,0
1,0.46,1,1,0.43,4,0,0
0,0.45,4,3,0.44,2,0,0
0,0.46,7,0,0.41,1,0,0
2,0.45,1,2,0.47,2,0,0
2,0.26,3,0,0.28,3,0,0
3,0.11,1,0,0.03,0,0,0
3,0.4,4,1,0.21,2,0,0
0,0.11,4,3,0.39,4,0,0
3,0.13,2,4,0.39,2,0,0
1,0.12,6,0,0.12,0,1,0
1,0.26,3,4,0.15,3,0,0
3,0.16,4,2,0.29,4,0,0
0,0.08,2,0,0.44,0,0,0
1,0.23,5,1,0.51,1,0,0
2,0.44,3,1,0.05,2,0,0
2,0.29,4,3,0.56,3,1,0
1,0.44,3,1,0.56,1,0,0
1,0.1,3,1,0.0,2,0,0
0,0.08,6,1,0.3,1,1,0
1,0.29,1,1,0.35,5,0,0
2,0.23,4,1,0.33,2,0,0
1,0.33,1,2,0.37,5,0,0
4,0.4,1,2,0.3,2,1,1
1,0.38,4,0,0.18,0,0,0
3,0.47,3,3,0.06,2,0,0
1,0.2,1,3,0.13,2,0,0
3,0.1,2,1,0.44,1,0,0
0,0.28,2,0,0.14,4,0,0
1,0.06,2,1,0.5,0,0,0
2,0.14,3,2,0.24,0,1,0
1,0.1,4,2,0.25,2,1,0
2,0.2,7,3,0.52,1,0,0
2,0.06,2,3,0.13,2,0,0
2,0.02,7,2,0.11,1,1,0
4,0.33,0,2,0.59,1,0,0
2,0.31,3,2,0.32,1,0,0
3,0.35,6,1,0.11,2,0,0
2,0.33,2,0,0.1,1,0,0
1,0.06,1,2,0.52,1,0,0
2,0.15,2,1,0.36,4,0,0
4,0.06,6,1,0.07,1,1,0
2,0.42,3,0,0.53,1,0,0
0,0.37,2,0,0.27,0,0,0
3,0.1,6,3,0.59,3,0,0
0,0.17,3,1,0.17,1,1,0
5,0.48,1,0,0.32,3,1,1
2,0.3,3,4,0.1,4,1,0
3,0.4,4,1,0.26,4,1,1
2,0.13,5,1,0.11,5,1,0
5,0.11,5,2,0.18,3,1,0
2,0.39,1,0,0.16,1,0,0
2,0.34,2,3,0.17,1,0,0
1,0.34,7,3,0.58,0,1,0
1,0.28,3,1,0.02,4,0,0
6,0.28,3,1,0.3,2,1,1
1,0.37,2,1,0.38,2,0,0
2,0.14,2,1,0.4,3,0,0
0,0.18,2,2,0.45,0,1,0
4,0.44,4,0,0.46,2,0,0
2,0.15,6,2,0.57,1,0,0
3,0.27,10,1,0.45,1,0,0
3,0.35,3,1,0.49,4,0,0
3,0.5,3,0,0.32,1,0,0
2,0.22,2,1,0.39,2,0,0
1,0.21,2,0,0.29,3,1,0
2,0.42,6,2,0.17,0,0,0
3,0.4,1,4,0.19,2,0,0
3,0.37,4,1,0.22,2,0,0
3,0.23,6,2,0.2,2,0,0
2,0.16,2,1,0.32,1,1,0
3,0.3,3,1,0.15,5,0,0
2,0.44,1,1,0.31,1,0,0
0,0.44,5,0,0.55,3,1,1
4,0.05,1,2,0.24,4,0,0
3,0.21,3,1,0.13,2,0,0
2,0.23,3,0,0.21,3,0,0
3,0.49,4,2,0.53,2,1,1
2,0.34,2,2,0.57,1,0,0
1,0.2,2,1,0.53,4,0,0
4,0.01,4,1,0.17,0,1,0
3,0.28,0,2,0.23,3,0,0
4,0.05,3,2,0.58,2,0,0
1,0.42,3,1,0.19,2,0,0
2,0.38,7,0,0.08,1,0,0
1,0.23,3,2,0.17,0,0,0
2,0.21,2,1,0.58,2,0,0
1,0.45,2,3,0.25,5,0,0
1,0.14,1,0,0.56,3,0,0
5,0.12,1,0,0.06,1,0,0
0,0.47,3,0,0.46,2,1,1
2,0.4,2,5,0.06,2,0,0
4,0.41,3,0,0.12,1,0,0
2,0.1,6,2,0.37,4,1,0
0,0.07,2,1,0.26,1,0,0
5,0.01,3,2,0.4,2,0,0
2,0.12,2,1,0.58,1,0,0
4,0.39,3,2,0.03,1,0,0
3,0.12,1,1,0.11,2,0,0
1,0.36,1,3,0.38,3,0,0
2,0.13,1,2,0.54,1,1,0
5,0.2,1,0,0.48,3,0,0
1,0.49,3,4,0.28,1,0,0
1,0.12,6,1,0.45,4,0,0
1,0.19,5,7,0.12,1,1,0
3,0.15,3,0,0.01,1,0,0
2,0.05,3,3,0.34,4,0,0
1,0.24,4,2,0.49,1,1,0
0,0.19,2,5,0.26,0,0,0
1,0.35,3,0,0.34,0,0,0
0,0.41,5,3,0.25,1,0,0
3,0.27,6,1,0.31,0,0,0
2,0.02,1,1,0.53,4,1,0
0,0.31,4,0,0.29,0,1,0
1,0.03,3,1,0.0,1,0,0
3,0.31,4,2,0.48,2,1,0
2,0.34,2,0,0.37,5,1,0
1,0.1,5,1,0.44,1,0,0
3,0.41,1,2,0.54,1,1,1
4,0.46,4,1,0.17,2,0,0
0,0.41,5,1,0.3,3,1,1
1,0.15,1,1,0.36,4,0,0
1,0.29,1,2,0.21,0,0,0
2,0.46,4,0,0.51,0,0,0
2,0.16,1,4,0.42,2,1,0
0,0.41,4,0,0.44,3,0,0
2,0.0,3,2,0.48,0,0,0
0,0.0,4,3,0.15,1,0,0
4,0.38,5,2,0.45,5,0,0
1,0.38,4,2,0.46,3,0,0
5,0.39,3,2,0.51,0,0,0
1,0.47,5,1,0.29,3,0,0
1,0.06,6,1,0.3,1,0,0
0,0.12,4,2,0.06,5,0,0
1,0.45,2,0,0.51,3,0,0
2,0.09,1,1,0.32,1,0,0
0,0.34,1,2,0.36,1,1,0
3,0.27,1,0,0.07,2,0,0
4,0.04,2,0,0.36,1,0,0
2,0.14,2,0,0.03,0,0,0
5,0.26,3,2,0.55,1,0,0
2,0.43,5,0,0.52,2,0,0
3,0.35,4,1,0.12,1,0,0
1,0.31,2,1,0.36,0,0,0
2,0.25,4,0,0.36,2,1,0
0,0.15,3,2,0.48,1,0,0
3,0.06,1,1,0.45,1,0,0
1,0.2,2,2,0.6,3,1,0
3,0.01,1,1,0.21,1,0,0
3,0.11,3,4,0.07,2,0,0
1,0.22,4,3,0.34,1,0,0
3,0.21,7,3,0.46,1,0,0
0,0.02,4,4,0.17,4,0,0
1,0.29,2,0,0.14,1,1,0
0,0.27,2,1,0.48,0,0,0
2,0.04,3,2,0.45,3,1,0
1,0.47,3,4,0.12,2,0,0
4,0.05,1,1,0.52,1,0,0
3,0.43,3,0,0.08,3,0,0
1,0.0,3,0,0.07,1,1,0
1,0.44,3,1,0.21,1,0,0
4,0.01,3,1,0.53,0,0,0
1,0.38,3,2,0.42,3,0,0
1,0.18,5,2,0.24,2,0,0
1,0.37,3,2,0.09,3,0,0
3,0.2,2,0,0.43,1,0,0
1,0.04,4,1,0.36,3,0,0
2,0.38,3,1,0.59,1,0,0
5,0.04,1,3,0.46,2,0,0
1,0.46,1,3,0.06,4,0,0
2,0.03,4,3,0.44,0,0,0
5,0.24,3,2,0.15,2,0,0
1,0.36,2,2,0.58,4,1,1
4,0.2,5,1,0.01,2,0,0
4,0.11,7,2,0.14,3,0,0
1,0.38,1,1,0.3,1,0,0
2,0.39,4,2,0.05,3,1,1
3,0.46,2,0,0.21,2,1,1
6,0.19,3,1,0.3,2,0,0
0,0.25,2,2,0.27,2,0,0
4,0.18,0,1,0.28,2,0,0
3,0.13,3,0,0.53,3,0,0
1,0.38,4,1,0.3,3,0,0
4,0.17,0,1,0.56,1,0,0
1,0.21,0,2,0.09,1,0,0
2,0.2,1,1,0.17,1,0,0
1,0.36,3,0,0.39,1,0,0
4,0.46,1,1,0.17,2,0,0
3,0.33,2,3,0.21,1,0,0
6,0.24,5,0,0.54,2,0,0
1,0.39,3,6,0.32,1,0,0
2,0.32,5,2,0.2,3,0,0
1,0.03,3,1,0.47,3,0,0
2,0.05,5,0,0.04,1,1,0
3,0.02,4,0,0.34,3,0,0
3,0.23,7,3,0.06,2,0,0
0,0.41,2,1,0.11,3,0,0
1,0.16,4,2,0.04,1,0,0
1,0.19,2,2,0.54,2,0,0
4,0.45,3,2,0.03,3,0,0
1,0.42,2,0,0.31,1,1,1
4,0.33,1,1,0.13,4,1,0
0,0.13,8,1,0.23,0,0,0
3,0.06,2,0,0.3,2,0,0
1,0.01,1,0,0.27,4,0,0
2,0.05,5,2,0.45,4,0,0
4,0.15,3,4,0.55,1,0,0
2,0.28,1,6,0.18,3,0,0
1,0.03,1,1,0.01,2,0,0
1,0.07,3,4,0.54,2,0,0
2,0.09,5,1,0.59,2,0,0
1,0.32,1,0,0.26,1,0,0
2,0.31,1,2,0.27,0,0,0
1,0.28,4,1,0.09,1,0,0
2,0.13,5,2,0.29,1,1,0
0,0.19,5,1,0.18,3,0,0
1,0.05,6,1,0.6,1,0,0
4,0.11,4,1,0.11,1,1,0
3,0.45,0,2,0.23,4,1,1
2,0.49,2,0,0.37,2,0,0
2,0.32,3,2,0.21,3,0,0
1,0.46,5,2,0.28,2,1,1
5,0.32,1,0,0.58,2,0,0
0,0.02,4,2,0.3,1,0,0
2,0.5,3,1,0.55,2,1,1
3,0.05,3,1,0.03,4,0,0
1,0.34,7,3,0.07,2,0,0
2,0.13,5,2,0.57,2,0,0
4,0.2,1,1,0.08,1,0,0
3,0.32,3,1,0.44,0,0,0
2,0.22,5,2,0.27,1,0,0
1,0.13,5,0,0.24,1,0,0
3,0.17,6,3,0.4,3,0,0
2,0.17,2,1,0.44,2,0,0
1,0.48,4,2,0.56,0,0,0
0,0.4,6,1,0.15,1,0,0
0,0.23,1,0,0.42,0,0,0
2,0.1,1,2,0.21,1,0,0
0,0.41,1,2,0.43,3,0,0
1,0.08,3,1,0.09,2,0,0
0,0.11,4,0,0.27,0,0,0
0,0.18,2,1,0.11,3,0,0
2,0.44,2,0,0.2,0,1,1
2,0.07,3,2,0.43,3,0,0
4,0.06,5,3,0.14,1,0,0
4,0.25,5,0,0.41,4,0,0
0,0.14,2,1,0.3,3,0,0
2,0.28,5,0,0.06,1,0,0
1,0.23,1,1,0.23,2,0,0
2,0.22,1,4,0.52,2,1,0
1,0.06,4,2,0.59,1,0,0
0,0.07,3,5,0.22,1,0,0
4,0.41,4,0,0.03,0,0,0
4,0.44,4,0,0.08,3,0,0
1,0.12,5,0,0.47,1,0,0
1,0.06,0,2,0.39,2,0,0
3,0.03,6,1,0.17,2,0,0
6,0.3,3,3,0.23,1,0,0
1,0.36,4,2,0.49,1,0,0
1,0.19,1,1,0.25,0,0,0
3,0.34,1,1,0.45,4,0,0
3,0.36,3,2,0.18,3,0,0
1,0.47,6,1,0.43,4,1,1
2,0.03,6,2,0.28,2,0,0
2,0.1,2,1,0.33,4,0,0
1,0.03,7,2,0.36,0,0,0
2,0.43,1,1,0.27,4,1,1
2,0.4,2,3,0.28,3,0,0
2,0.29,4,2,0.16,5,0,0
2,0.04,3,2,0.59,1,0,0
2,0.14,7,4,0.54,2,1,0
1,0.15,2,1,0.32,2,0,0
1,0.28,1,4,0.02,4,0,0
5,0.13,1,0,0.1,2,0,0
3,0.04,6,3,0.51,3,0,0
3,0.37,1,0,0.56,1,0,0
1,0.15,1,3,0.1,2,0,0
2,0.23,1,4,0.44,3,0,0
7,0.06,3,0,0.37,1,1,1
2,0.4,4,3,0.18,3,0,0
2,0.28,2,2,0.26,3,0,0
3,0.45,3,0,0.41,0,0,0
0,0.25,4,3,0.06,3,0,0
2,0.47,3,2,0.11,2,1,1
2,0.45,3,0,0.02,4,0,0
2,0.29,2,3,0.54,2,1,0
1,0.47,3,1,0.34,1,1,1
2,0.16,4,2,0.31,4,0,0
1,0.18,3,2,0.42,2,1,0
2,0.02,3,1,0.59,4,0,0
2,0.29,2,2,0.1,1,0,0
5,0.36,4,2,0.08,0,0,0
2,0.39,4,3,0.18,2,0,0
2,0.07,2,0,0.54,2,0,0
1,0.22,6,1,0.25,2,0,0
1,0.09,1,1,0.48,2,0,0
0,0.33,3,2,0.12,0,0,0
0,0.08,3,1,0.3,1,0,0
2,0.45,4,1,0.08,2,1,1
4,0.12,4,4,0.25,1,0,0
2,0.15,6,2,0.16,3,1,0
5,0.43,1,1,0.33,2,0,0
1,0.23,4,2,0.47,2,1,0
1,0.01,2,4,0.56,1,1,0
2,0.25,4,2,0.17,3,0,0
0,0.04,5,0,0.45,1,0,0
0,0.49,4,0,0.53,0,0,0
4,0.29,2,1,0.07,7,0,0
3,0.13,5,1,0.35,2,0,0
1,0.28,2,1,0.37,2,0,0
2,0.04,5,4,0.16,0,1,0
0,0.4,1,2,0.01,3,0,0
0,0.46,2,0,0.15,4,0,0
1,0.44,4,1,0.35,0,0,0
2,0.17,2,3,0.12,1,1,0
2,0.16,3,1,0.17,1,0,0
1,0.02,1,1,0.42,0,0,0
0,0.33,4,1,0.24,4,0,0
3,0.27,1,1,0.04,1,1,0
3,0.23,2,2,0.24,1,1,0
3,0.45,0,1,0.6,1,0,0
5,0.08,1,2,0.16,3,0,0
2,0.0,3,0,0.16,3,0,0
2,0.04,4,0,0.1,1,0,0
3,0.11,0,3,0.16,2,0,0
2,0.02,8,2,0.34,3,0,0
2,0.25,3,0,0.58,3,0,0
2,0.16,3,1,0.36,2,0,0
6,0.09,3,2,0.25,3,0,0
4,0.38,1,0,0.23,2,0,0
1,0.1,4,2,0.01,0,0,0
6,0.34,3,2,0.0,0,0,0
1,0.17,3,2,0.48,1,1,0
3,0.26,3,3,0.29,3,0,0
1,0.47,3,1,0.02,2,0,0
3,0.02,2,2,0.17,2,0,0
4,0.25,2,0,0.21,1,0,0
3,0.43,3,1,0.47,4,0,0
3,0.29,3,3,0.26,2,0,0
2,0.14,5,2,0.47,3,0,0
4,0.2,1,1,0.38,1,1,0
4,0.34,1,0,0.02,1,0,0
1,0.45,3,1,0.58,4,0,0
2,0.02,2,0,0.11,1,0,0
2,0.04,4,0,0.17,2,1,0
2,0.16,3,0,0.49,0,0,0
2,0.12,3,0,0.11,2,0,0
2,0.13,1,1,0.24,4,0,0
4,0.11,2,1,0.52,2,0,0
1,0.1,5,1,0.38,3,0,0
1,0.07,2,1,0.18,3,0,0
1,0.47,3,1,0.39,1,0,0
2,0.07,2,1,0.49,1,0,0
1,0.1,3,1,0.24,2,0,0
1,0.12,1,4,0.34,4,0,0
3,0.47,4,2,0.59,1,0,0
2,0.38,2,2,0.58,0,0,0
1,0.39,3,3,0.31,1,1,1
1,0.05,1,1,0.06,3,1,0
3,0.42,1,2,0.42,1,0,0
0,0.2,1,1,0.16,1,0,0
2,0.13,3,1,0.4,1,0,0
3,0.29,0,3,0.21,3,0,0
0,0.41,2,4,0.43,2,0,0
3,0.39,2,1,0.22,1,0,0
2,0.44,3,1,0.56,2,0,0
3,0.46,5,2,0.08,0,0,0
2,0.12,3,2,0.04,1,0,0
2,0.21,5,1,0.47,1,0,0
3,0.01,5,0,0.24,0,0,0
2,0.44,1,0,0.28,3,0,0
3,0.08,5,2,0.56,2,0,0
2,0.43,3,1,0.35,3,0,0
0,0.16,0,2,0.4,2,0,0
1,0.18,4,1,0.01,5,0,0
3,0.02,2,5,0.4,2,0,0
2,0.16,6,1,0.23,3,0,0
3,0.44,1,3,0.28,2,0,0
1,0.01,2,1,0.48,3,0,0
2,0.2,1,2,0.31,0,0,0
0,0.02,2,1,0.59,2,0,0
1,0.19,4,5,0.48,1,1,0
1,0.09,5,2,0.44,3,1,0
0,0.13,1,2,0.35,2,0,0
4,0.44,6,4,0.25,5,0,0
6,0.22,7,1,0.03,4,0,0
4,0.14,2,3,0.01,6,0,0
3,0.29,2,4,0.03,4,0,0
1,0.07,6,1,0.58,2,0,0
4,0.13,4,0,0.19,1,0,0
2,0.27,5,0,0.42,4,0,0
3,0.12,2,1,0.36,2,0,0
2,0.34,1,3,0.34,1,0,0
0,0.25,5,3,0.35,1,0,0
2,0.39,6,1,0.18,3,0,0
2,0.47,3,7,0.53,2,0,0
3,0.06,2,2,0.55,2,0,0
1,0.17,2,1,0.39,1,0,0
0,0.16,4,2,0.52,5,0,0
1,0.08,5,2,0.04,2,0,0
3,0.41,4,3,0.06,1,0,0
1,0.38,7,3,0.34,3,1,1
1,0.24,2,2,0.51,1,0,0
2,0.27,3,0,0.19,1,0,0
5,0.03,4,2,0.33,1,0,0
4,0.28,2,1,0.01,4,0,0
2,0.4,2,5,0.59,0,1,1
2,0.29,3,1,0.46,4,0,0
5,0.13,1,3,0.22,3,0,0
1,0.33,2,3,0.59,2,0,0
2,0.18,3,3,0.06,2,1,0
1,0.27,3,0,0.28,1,0,0
3,0.24,4,2,0.04,2,0,0
0,0.19,6,2,0.2,2,0,0
0,0.36,2,2,0.13,2,0,0
2,0.44,5,2,0.19,3,1,1
1,0.0,2,4,0.57,2,0,0
1,0.47,2,3,0.26,3,1,1
2,0.26,3,1,0.19,1,0,0
1,0.35,4,2,0.38,3,1,0
2,0.43,3,0,0.41,2,0,0
2,0.23,4,0,0.59,1,0,0
3,0.42,4,2,0.33,2,0,0
3,0.09,5,0,0.45,1,0,0
1,0.08,3,2,0.23,2,0,0
1,0.33,2,2,0.1,2,0,0
1,0.44,5,1,0.26,4,0,0
2,0.45,4,1,0.25,4,1,1
2,0.32,1,1,0.25,0,0,0
1,0.26,0,0,0.42,1,0,0
1,0.17,3,2,0.24,1,0,0
3,0.49,5,0,0.57,2,0,0
1,0.16,4,4,0.59,0,0,0
5,0.37,9,1,0.31,3,0,0
2,0.27,1,0,0.34,3,0,0
3,0.3,2,1,0.24,2,0,0
0,0.2,3,0,0.21,2,1,0
3,0.48,7,1,0.59,4,0,0
0,0.29,4,0,0.02,2,0,0
4,0.47,6,1,0.25,0,0,0
1,0.0,3,1,0.09,4,0,0
2,0.29,4,0,0.44,1,0,0
3,0.36,2,2,0.12,2,0,0
1,0.37,1,2,0.53,2,0,0
0,0.45,1,2,0.22,2,0,0
2,0.0,2,3,0.55,1,0,0
2,0.0,1,0,0.59,2,0,0
2,0.24,3,1,0.46,0,0,0
0,0.01,1,2,0.37,0,0,0
3,0.49,2,0,0.09,4,0,0
5,0.11,2,3,0.56,4,0,0
1,0.24,2,1,0.47,1,0,0
2,0.03,5,0,0.17,1,1,0
2,0.26,2,0,0.28,1,0,0
6,0.19,5,2,0.04,3,1,1
1,0.02,5,1,0.4,3,0,0
2,0.17,3,0,0.08,2,0,0
1,0.2,4,2,0.39,3,0,0
1,0.49,2,2,0.4,4,0,0
2,0.1,0,1,0.19,0,0,0
0,0.27,1,1,0.57,3,0,0
4,0.49,5,1,0.47,0,0,0
2,0.4,5,0,0.3,4,1,1
3,0.5,5,2,0.55,2,0,0
1,0.48,2,4,0.51,4,0,0
1,0.24,10,3,0.42,1,0,0
3,0.35,0,0,0.09,1,0,0
2,0.06,4,1,0.3,1,0,0
2,0.22,1,2,0.52,2,0,0
0,0.4,3,2,0.37,1,0,0
1,0.25,3,2,0.33,2,0,0
2,0.35,4,2,0.57,2,1,0
0,0.37,1,2,0.01,3,0,0
4,0.13,0,2,0.01,2,0,0
5,0.44,4,1,0.54,2,0,0
0,0.23,3,2,0.02,4,0,0
0,0.11,5,3,0.2,1,1,0
6,0.43,4,2,0.55,3,0,1
0,0.21,2,1,0.41,1,0,0
1,0.38,4,0,0.39,6,0,0
0,0.27,0,4,0.39,3,0,0
3,0.19,1,1,0.19,5,0,0
2,0.4,4,1,0.32,5,0,0
3,0.29,0,1,0.38,4,0,0
5,0.2,6,3,0.18,3,1,0
5,0.05,4,2,0.48,2,0,0
2,0.45,6,2,0.19,3,0,0
3,0.02,4,2,0.04,4,1,0
6,0.43,4,3,0.12,3,0,1
3,0.18,0,1,0.25,1,1,0
2,0.32,2,0,0.54,3,0,0
3,0.46,3,1,0.25,1,0,0
1,0.08,1,3,0.05,4,1,0
1,0.28,2,1,0.12,2,0,0
4,0.38,3,3,0.33,1,0,0
0,0.38,2,2,0.11,1,0,0
6,0.26,3,3,0.04,2,0,0
2,0.31,1,4,0.43,1,1,0
3,0.38,4,0,0.47,2,0,0
2,0.42,2,1,0.51,4,0,0
0,0.38,1,1,0.51,2,0,0
1,0.18,4,2,0.23,4,0,0
4,0.5,1,1,0.44,0,0,0
3,0.22,6,1,0.35,1,0,0
3,0.01,3,4,0.01,0,0,0
5,0.18,3,0,0.24,1,0,0
1,0.06,5,4,0.03,1,0,0
4,0.06,3,1,0.05,1,0,0
1,0.14,5,1,0.03,1,0,0
1,0.03,2,0,0.58,1,0,0
1,0.34,3,1,0.51,3,0,0
0,0.04,6,3,0.26,0,0,0
1,0.1,6,0,0.15,3,1,0
4,0.05,3,2,0.04,1,1,0
2,0.03,3,0,0.26,2,0,0
1,0.13,3,1,0.36,1,0,0
1,0.29,1,4,0.48,2,0,0
1,0.48,5,2,0.03,1,0,0
2,0.44,3,1,0.25,2,0,0
2,0.44,4,1,0.59,1,0,0
0,0.09,1,2,0.07,2,0,0
2,0.13,3,0,0.24,3,0,0
1,0.04,5,1,0.17,3,0,0
2,0.39,3,3,0.08,1,0,0
2,0.03,1,1,0.5,1,0,0
0,0.28,3,2,0.42,0,0,0
2,0.12,3,1,0.25,0,0,0
0,0.12,4,1,0.22,2,0,0
3,0.5,2,1,0.5,0,1,1
4,0.38,6,0,0.05,1,1,1
4,0.42,2,2,0.09,1,0,0
3,0.29,4,1,0.54,2,0,0
3,0.44,2,2,0.49,2,1,1
2,0.32,7,0,0.46,3,0,0
0,0.47,7,0,0.37,3,0,0
2,0.14,2,1,0.18,2,0,0
3,0.3,5,1,0.56,3,0,0
1,0.35,3,2,0.3,2,0,0
2,0.2,3,4,0.17,0,1,0
1,0.44,1,2,0.22,3,0,0
1,0.49,2,1,0.01,1,0,0
2,0.25,4,1,0.15,1,0,0
3,0.2,5,2,0.11,2,0,0
2,0.24,2,1,0.08,2,0,0
0,0.43,2,4,0.02,2,0,0
3,0.32,0,1,0.14,6,0,0
2,0.02,5,1,0.06,1,0,0
2,0.27,2,2,0.03,4,0,0
0,0.01,2,0,0.08,2,0,0
4,0.39,4,0,0.12,4,0,0
2,0.16,6,2,0.25,1,0,0
2,0.24,1,1,0.35,3,0,0
1,0.4,2,2,0.19,2,0,0
2,0.02,1,1,0.08,0,0,0
2,0.08,2,0,0.56,4,0,0
2,0.2,2,1,0.31,2,1,0
4,0.11,1,2,0.45,1,0,0
0,0.17,4,2,0.42,0,0,0
1,0.5,2,2,0.17,1,1,1
4,0.41,2,1,0.34,1,0,0
0,0.44,0,1,0.36,2,0,0
0,0.47,2,0,0.21,4,0,0
3,0.17,4,0,0.4,1,0,0
0,0.15,3,0,0.47,1,0,0
1,0.12,1,2,0.22,5,0,0
0,0.42,7,2,0.01,1,0,0
1,0.34,2,2,0.21,3,1,0
2,0.12,3,3,0.07,6,0,0
2,0.19,3,3,0.09,7,0,0
1,0.25,5,0,0.22,2,1,0
2,0.26,1,0,0.12,4,0,0
3,0.44,3,0,0.56,1,0,0
0,0.19,1,1,0.39,2,1,0
3,0.45,3,1,0.31,2,1,1
1,0.22,3,1,0.01,4,0,0
4,0.37,5,4,0.06,0,0,0
5,0.47,5,2,0.47,3,0,0
1,0.45,2,0,0.23,1,0,0
1,0.03,1,0,0.03,1,0,0
4,0.1,2,2,0.5,3,0,0
1,0.24,1,1,0.18,1,1,0
1,0.22,4,0,0.23,3,0,0
3,0.32,5,2,0.58,2,0,0
2,0.47,5,2,0.01,4,0,0
0,0.06,0,1,0.43,1,0,0
1,0.23,5,1,0.57,4,0,0
2,0.1,1,4,0.04,2,0,0
1,0.45,2,0,0.52,3,0,0
4,0.48,2,1,0.25,1,0,0
3,0.24,0,0,0.53,5,0,0
0,0.05,3,0,0.18,2,0,0
2,0.39,1,1,0.59,4,0,0
4,0.35,4,1,0.39,4,0,0
2,0.18,3,2,0.38,0,0,0
1,0.44,3,3,0.48,1,0,0
2,0.49,5,2,0.26,2,0,0
2,0.28,3,1,0.16,1,0,0
2,0.28,4,2,0.16,2,0,0
1,0.15,1,0,0.2,2,0,0
0,0.29,1,4,0.37,0,0,0
3,0.22,4,0,0.5,3,0,0
6,0.15,2,1,0.3,0,0,0
1,0.03,3,1,0.24,3,0,0
2,0.13,1,1,0.48,2,0,0
2,0.1,3,0,0.17,0,0,0
2,0.27,4,4,0.41,1,0,0
2,0.3,2,2,0.06,6,0,0
2,0.3,4,1,0.07,1,0,0
1,0.19,9,0,0.39,4,1,0
4,0.21,4,5,0.05,3,0,0
3,0.42,2,1,0.09,2,0,0
0,0.24,5,4,0.37,3,0,0
2,0.49,0,0,0.26,4,0,0
2,0.22,2,1,0.34,1,0,0
3,0.32,2,2,0.59,1,0,0
1,0.03,4,0,0.38,3,0,0
2,0.33,1,3,0.35,1,0,0
0,0.43,3,1,0.23,4,0,0
3,0.47,7,3,0.38,3,0,0
3,0.5,1,0,0.01,1,0,0
2,0.14,3,2,0.33,2,0,0
0,0.29,3,1,0.04,3,1,0
3,0.23,3,1,0.13,3,0,0
2,0.28,1,1,0.34,1,0,0
4,0.08,1,3,0.4,2,0,0
1,0.43,2,4,0.23,3,0,0
3,0.45,7,2,0.25,3,0,0
2,0.22,5,2,0.3,2,0,0
4,0.14,5,0,0.46,4,0,0
0,0.07,2,3,0.01,3,0,0
2,0.34,8,0,0.27,2,0,0
1,0.16,5,3,0.01,3,0,0
1,0.45,4,2,0.19,2,1,1
1,0.34,3,1,0.31,0,0,0
0,0.32,5,2,0.05,2,0,0
1,0.28,2,3,0.29,1,1,0
2,0.02,4,0,0.55,3,0,0
3,0.47,0,4,0.41,1,0,0
5,0.31,2,0,0.47,1,0,0
3,0.5,3,1,0.35,2,0,0
2,0.27,7,2,0.54,1,0,0
4,0.36,5,4,0.09,1,0,0
3,0.03,5,0,0.27,0,0,0
2,0.32,3,1,0.36,1,0,0
1,0.38,1,1,0.52,2,0,0
1,0.39,2,1,0.18,1,0,0
4,0.39,2,3,0.0,1,0,0
5,0.11,5,3,0.58,1,0,0
1,0.49,1,0,0.02,3,0,0
3,0.5,3,3,0.09,1,1,1
2,0.04,2,1,0.25,1,0,0
1,0.47,2,1,0.3,1,0,0
2,0.14,3,0,0.5,2,0,0
1,0.34,5,2,0.27,3,0,0
2,0.17,3,2,0.33,1,0,0
1,0.48,1,4,0.12,4,0,0
0,0.05,3,1,0.34,2,0,0
2,0.25,1,1,0.21,3,0,0
1,0.21,3,1,0.06,2,0,0
2,0.16,2,0,0.57,1,0,0
3,0.32,5,2,0.05,3,0,0
0,0.07,4,0,0.41,3,0,0
0,0.36,5,3,0.54,3,0,0
2,0.49,1,3,0.11,1,0,0
1,0.4,1,2,0.14,1,0,0
2,0.43,1,1,0.26,2,0,0
3,0.18,2,1,0.18,5,0,0
2,0.16,2,0,0.46,1,0,0
3,0.26,1,2,0.2,1,0,0
3,0.02,1,0,0.59,1,0,0
3,0.47,4,2,0.52,0,0,0
2,0.07,6,4,0.54,1,0,0
0,0.45,3,1,0.04,2,0,0
2,0.04,1,1,0.11,0,0,0
2,0.41,6,4,0.1,3,0,0
2,0.08,2,3,0.4,2,0,0
3,0.02,3,2,0.01,2,0,0
1,0.36,7,0,0.48,2,0,0
2,0.14,3,3,0.33,1,0,0
0,0.36,5,0,0.34,3,0,0
0,0.28,4,0,0.32,3,0,0
2,0.05,4,2,0.32,0,1,0
3,0.47,4,2,0.12,4,0,0
1,0.23,6,0,0.17,2,0,0
1,0.37,3,0,0.29,3,0,0
4,0.25,3,1,0.41,1,0,0
1,0.3,4,1,0.16,2,1,0
2,0.15,7,0,0.48,2,0,0
0,0.1,2,1,0.49,1,0,0
4,0.27,1,2,0.16,2,0,0
3,0.22,2,3,0.34,1,0,0
2,0.2,3,1,0.21,3,0,0
2,0.34,2,1,0.11,1,0,0
3,0.35,3,4,0.48,2,0,0
3,0.02,4,2,0.59,2,0,0
1,0.17,0,2,0.34,3,0,0
3,0.21,5,1,0.55,4,0,0
3,0.05,0,1,0.39,2,1,0
0,0.12,5,0,0.34,1,0,0
4,0.03,4,2,0.29,3,0,0
4,0.5,4,2,0.14,1,0,0
2,0.37,4,1,0.05,1,0,0
2,0.04,2,2,0.27,2,1,0
2,0.01,1,3,0.34,3,0,0
0,0.36,2,0,0.31,1,0,0
2,0.22,5,3,0.42,2,0,0
2,0.39,2,1,0.12,2,0,0
3,0.46,1,1,0.21,0,0,0
0,0.3,5,4,0.25,0,0,0
1,0.09,3,0,0.11,2,1,0
3,0.39,1,2,0.54,3,0,0
3,0.48,0,0,0.41,4,0,0
4,0.29,5,1,0.06,3,1,0
0,0.34,3,0,0.43,2,1,0
3,0.17,3,0,0.33,4,1,0
1,0.19,2,0,0.31,2,0,0
2,0.37,2,1,0.59,3,0,0
5,0.46,3,0,0.37,2,0,0
0,0.31,2,1,0.54,2,0,0
1,0.39,5,1,0.55,2,0,0
3,0.09,3,1,0.06,3,1,0
3,0.11,4,1,0.01,1,0,0
1,0.27,3,1,0.26,2,0,0
0,0.09,5,2,0.46,2,0,0
3,0.32,1,2,0.49,1,0,0
3,0.15,3,1,0.47,4,0,0
0,0.4,4,4,0.27,2,0,0
2,0.4,2,2,0.45,4,0,0
0,0.23,1,0,0.43,2,0,0
4,0.09,1,3,0.19,1,0,0
0,0.32,3,1,0.1,3,0,0
2,0.5,3,2,0.37,1,0,0
1,0.31,1,2,0.41,4,0,0
0,0.02,6,1,0.34,2,1,0
1,0.01,2,4,0.13,3,0,0
2,0.16,1,3,0.17,3,0,0
5,0.1,6,5,0.43,3,1,0
1,0.41,3,1,0.58,1,0,0
3,0.42,1,2,0.57,3,0,0
1,0.13,2,1,0.31,4,1,0
5,0.16,2,1,0.53,1,0,0
2,0.12,4,1,0.02,3,0,0
0,0.45,3,1,0.52,1,0,0
1,0.25,3,3,0.29,1,0,0
2,0.33,5,2,0.47,2,1,0
0,0.21,1,0,0.0,1,0,0
1,0.32,3,2,0.52,3,0,0
3,0.19,5,3,0.36,3,1,0
0,0.17,3,0,0.14,3,0,0
0,0.32,3,0,0.21,2,0,0
2,0.3,2,0,0.12,3,0,0
2,0.15,4,1,0.25,3,0,0
2,0.07,4,1,0.2,2,0,0
4,0.18,4,2,0.32,3,0,0
3,0.21,0,1,0.49,1,0,0
1,0.31,4,3,0.59,5,0,0
3,0.46,2,2,0.15,3,0,0
1,0.02,2,1,0.06,1,0,0
3,0.12,5,2,0.24,2,0,0
3,0.1,3,1,0.09,9,0,0
2,0.25,2,1,0.5,3,0,0
3,0.21,5,0,0.3,2,0,0
2,0.36,2,2,0.37,2,0,0
3,0.12,1,1,0.09,3,0,0
1,0.3,3,1,0.45,1,0,0
3,0.44,3,2,0.58,4,1,1
2,0.46,1,0,0.29,3,0,0
4,0.48,3,2,0.58,2,0,0
3,0.39,1,0,0.02,0,0,0
1,0.45,4,2,0.02,1,0,0
1,0.12,3,2,0.58,1,1,0
2,0.1,4,1,0.42,2,0,0
4,0.0,3,0,0.11,2,0,0
2,0.35,6,2,0.22,1,0,0
3,0.47,1,1,0.3,2,0,0
1,0.09,3,3,0.42,4,0,0
2,0.32,5,2,0.51,3,0,0
4,0.37,2,0,0.05,1,0,0
4,0.46,3,2,0.39,1,0,0
1,0.32,2,1,0.29,2,0,0
3,0.49,5,2,0.36,2,0,0
0,0.17,0,1,0.31,5,0,0
2,0.17,1,1,0.27,4,0,0
5,0.27,3,0,0.12,0,1,0
1,0.19,3,1,0.28,2,0,0
2,0.0,4,1,0.11,0,1,0
2,0.37,4,1,0.03,4,0,0
0,0.38,4,1,0.22,1,0,0
3,0.37,5,3,0.01,2,0,0
1,0.17,3,0,0.34,1,0,0
4,0.26,4,1,0.04,3,0,0
5,0.18,0,2,0.26,2,1,0
3,0.01,4,2,0.59,5,1,0
2,0.28,4,4,0.01,0,0,0
0,0.06,1,2,0.22,1,0,0
3,0.04,5,2,0.4,4,0,0
1,0.38,2,2,0.1,3,0,0
1,0.0,2,1,0.34,0,0,0
1,0.48,3,1,0.15,1,0,0
1,0.26,4,0,0.13,3,0,0
2,0.49,4,0,0.54,3,0,0
2,0.03,2,1,0.12,4,0,0
1,0.29,1,0,0.23,1,0,0
0,0.17,5,2,0.1,1,0,0
5,0.42,4,1,0.17,0,0,0
0,0.18,5,1,0.18,4,0,0
0,0.13,3,0,0.2,0,0,0
1,0.43,3,2,0.38,1,0,0
1,0.19,2,0,0.45,2,0,0
3,0.01,3,0,0.31,2,0,0
1,0.2,1,0,0.37,1,0,0
0,0.33,2,2,0.49,1,0,0
1,0.13,4,1,0.6,0,0,0
4,0.22,2,1,0.27,1,1,0
2,0.03,5,1,0.56,2,0,0
0,0.29,4,1,0.29,0,0,0
3,0.38,2,1,0.47,3,0,0
1,0.21,4,0,0.34,1,0,0
1,0.21,1,2,0.53,3,0,0
0,0.04,4,2,0.27,3,0,0
3,0.1,2,3,0.42,4,0,0
1,0.08,7,3,0.28,1,0,0
0,0.24,3,2,0.51,0,0,0
2,0.26,2,3,0.6,0,0,0
3,0.47,6,1,0.15,2,0,0
1,0.04,1,0,0.28,2,0,0
5,0.3,2,1,0.05,0,1,0
3,0.26,4,1,0.08,1,0,0
3,0.26,7,2,0.56,2,0,0
4,0.44,5,1,0.33,3,0,0
1,0.1,2,0,0.24,3,1,0
2,0.02,4,2,0.4,1,1,0
2,0.34,5,1,0.34,2,0,0
2,0.17,2,0,0.17,1,0,0
2,0.01,2,1,0.14,0,1,0
3,0.13,1,0,0.35,4,0,0
3,0.15,1,3,0.11,3,0,0
2,0.31,3,0,0.08,2,0,0
3,0.09,4,0,0.19,2,0,0
1,0.21,2,2,0.52,1,1,0
3,0.24,1,0,0.02,2,0,0
5,0.23,1,0,0.5,2,0,0
0,0.49,5,5,0.37,2,0,0
1,0.02,1,1,0.02,3,0,0
2,0.48,2,4,0.36,1,0,0
0,0.29,2,1,0.26,3,1,0
2,0.4,1,0,0.5,4,0,0
0,0.22,4,3,0.54,0,0,0
2,0.23,2,1,0.17,5,0,0
1,0.44,2,1,0.47,3,0,0
3,0.45,2,3,0.19,1,0,0
2,0.12,4,1,0.18,3,0,0
5,0.1,8,1,0.12,3,0,0
3,0.25,2,0,0.41,1,0,0
1,0.45,3,0,0.16,0,0,0
1,0.16,3,3,0.28,3,1,0
3,0.33,0,1,0.49,0,0,0
0,0.35,3,2,0.48,1,0,0
0,0.39,3,0,0.51,2,0,0
1,0.28,7,1,0.1,4,0,0
1,0.2,3,0,0.35,1,0,0
2,0.48,2,1,0.55,2,0,0
4,0.31,0,2,0.03,5,1,0
2,0.36,5,2,0.48,3,0,0
6,0.17,2,2,0.15,1,1,1
1,0.33,2,1,0.4,2,0,0
2,0.13,3,2,0.43,0,0,0
1,0.12,2,0,0.56,2,0,0
3,0.36,1,0,0.31,0,0,0
3,0.26,5,0,0.51,2,0,0
2,0.34,2,0,0.03,3,0,0
4,0.13,2,1,0.25,1,0,0
2,0.3,4,0,0.26,5,0,0
3,0.22,1,3,0.32,1,0,0
2,0.3,1,5,0.29,1,0,0
2,0.15,3,0,0.58,0,0,0
1,0.36,1,1,0.05,1,0,0
3,0.4,2,4,0.16,5,0,0
3,0.13,5,0,0.58,3,0,0
2,0.15,3,1,0.27,0,0,0
0,0.33,2,2,0.34,1,0,0
1,0.35,1,0,0.05,2,0,0
1,0.35,4,0,0.17,3,0,0
5,0.34,5,1,0.02,3,1,0
1,0.2,3,0,0.08,3,0,0
3,0.2,6,2,0.38,4,0,0
2,0.13,5,2,0.46,5,0,0
3,0.08,4,1,0.52,2,0,0
4,0.35,4,3,0.15,1,0,0
3,0.05,2,2,0.2,0,1,0
3,0.47,3,3,0.34,1,0,0
2,0.41,6,2,0.05,2,0,0
3,0.43,3,1,0.48,2,1,1
2,0.45,1,0,0.29,0,0,0
2,0.2,5,0,0.58,0,0,0
5,0.42,3,1,0.07,1,0,0
4,0.08,1,1,0.08,3,0,0
1,0.01,2,1,0.21,1,0,0
2,0.39,2,0,0.12,3,0,0
3,0.04,1,0,0.42,1,0,0
2,0.49,4,1,0.57,3,0,0
2,0.34,3,1,0.05,2,0,0
0,0.38,5,0,0.15,2,0,0
3,0.12,2,1,0.14,3,0,0
2,0.34,2,4,0.31,2,0,0
3,0.02,1,2,0.27,1,0,0
2,0.42,5,1,0.44,3,1,1
3,0.08,4,0,0.44,0,0,0
2,0.35,3,2,0.34,0,0,0
2,0.11,5,1,0.35,5,0,0
2,0.03,2,0,0.51,2,0,0
3,0.24,4,1,0.24,1,0,0
2,0.08,1,1,0.01,2,1,0
1,0.36,0,3,0.13,5,0,0
1,0.12,3,0,0.02,1,0,0
3,0.17,3,3,0.24,0,0,0
0,0.28,6,1,0.21,6,0,0
0,0.14,2,2,0.06,3,0,0
3,0.19,4,2,0.45,0,1,0
2,0.41,2,0,0.33,2,0,0
2,0.09,1,1,0.14,4,0,0
0,0.04,5,2,0.46,1,0,0
2,0.16,4,1,0.4,1,0,0
1,0.21,1,0,0.11,2,0,0
2,0.27,2,1,0.59,1,0,0
3,0.19,5,2,0.11,2,0,0
1,0.39,1,1,0.46,2,0,0
5,0.02,3,1,0.58,1,1,0
1,0.22,5,0,0.44,1,0,0
2,0.19,2,1,0.4,1,0,0
2,0.32,2,2,0.54,1,0,0
1,0.48,3,0,0.16,1,0,0
3,0.26,2,0,0.17,2,0,0
1,0.49,3,0,0.38,3,0,0
1,0.15,2,2,0.53,3,0,0
1,0.02,4,1,0.37,1,0,0
1,0.08,3,1,0.59,1,0,0
4,0.2,4,3,0.13,1,1,0
0,0.16,5,3,0.5,1,0,0
1,0.05,3,2,0.56,1,1,0
1,0.22,1,1,0.26,5,0,0
1,0.17,1,2,0.58,1,1,0
1,0.06,2,0,0.12,3,1,0
1,0.15,3,1,0.57,0,0,0
0,0.44,5,0,0.54,3,0,0
3,0.15,2,2,0.04,3,0,0
0,0.36,1,1,0.31,3,0,0
3,0.31,7,2,0.32,2,1,0
1,0.21,5,1,0.03,3,0,0
6,0.12,2,3,0.02,2,0,0
1,0.18,2,1,0.0,4,0,0
2,0.3,2,1,0.31,1,0,0
1,0.18,2,4,0.28,1,0,0
1,0.11,1,0,0.56,1,0,0
4,0.06,3,2,0.21,1,1,0
1,0.44,2,0,0.39,4,0,0
2,0.22,6,0,0.0,2,0,0
3,0.31,6,2,0.4,2,0,0
0,0.25,2,1,0.55,1,0,0
1,0.44,5,0,0.21,0,0,0
1,0.27,1,2,0.19,3,0,0
1,0.24,3,1,0.38,4,0,0
3,0.46,5,4,0.2,3,0,0
1,0.36,2,2,0.24,2,1,1
2,0.06,2,1,0.16,4,0,0
3,0.09,0,5,0.21,2,0,0
1,0.39,3,2,0.41,1,0,0
2,0.42,5,3,0.55,2,0,0
3,0.27,2,2,0.35,2,0,0
1,0.28,4,1,0.01,1,1,0
2,0.32,1,2,0.16,1,0,0
3,0.22,4,1,0.57,4,0,0
2,0.34,3,3,0.55,0,0,0
0,0.05,5,1,0.07,3,0,0
3,0.48,5,2,0.55,5,0,0
2,0.38,0,1,0.58,3,0,0
2,0.32,1,1,0.19,2,0,0
0,0.16,3,2,0.42,3,0,0
1,0.08,3,2,0.34,3,0,0
0,0.2,6,0,0.2,2,0,0
1,0.33,0,2,0.09,5,0,0
1,0.32,4,3,0.22,2,0,0
2,0.19,5,1,0.56,2,0,0
3,0.31,1,3,0.49,2,0,0
3,0.41,5,0,0.2,1,0,0
2,0.01,4,1,0.33,4,0,0
2,0.23,2,0,0.24,0,0,0
4,0.38,7,0,0.28,5,0,0
1,0.27,2,0,0.46,2,1,0
3,0.33,2,2,0.33,3,0,0
3,0.26,2,2,0.11,1,0,0
4,0.5,2,3,0.16,2,0,0
2,0.03,5,1,0.34,3,0,0
4,0.25,3,3,0.42,3,0,0
3,0.05,0,1,0.3,2,1,0
2,0.08,0,1,0.37,3,1,0
3,0.19,1,2,0.47,2,0,0
2,0.08,5,1,0.33,0,0,0
2,0.48,5,1,0.59,1,0,0
4,0.47,1,2,0.14,1,0,0
4,0.17,5,0,0.55,5,0,0
1,0.32,3,1,0.15,3,0,0
1,0.27,5,0,0.32,1,0,0
0,0.41,5,1,0.27,3,1,1
3,0.31,2,3,0.22,2,0,0
1,0.0,4,1,0.58,3,0,0
6,0.38,1,1,0.16,0,0,1
1,0.37,2,0,0.4,2,0,0
1,0.25,4,3,0.48,2,0,0
3,0.45,5,0,0.12,1,0,0
3,0.45,1,0,0.58,3,0,0
0,0.26,1,4,0.33,1,0,0
2,0.3,1,2,0.55,1,0,0
1,0.5,1,1,0.4,3,0,0
3,0.15,1,1,0.39,1,0,0
1,0.16,2,2,0.21,1,0,0
3,0.09,2,2,0.46,2,0,0
5,0.45,5,4,0.02,0,1,1
0,0.37,2,2,0.33,4,1,1
1,0.05,5,0,0.02,4,0,0
2,0.49,4,1,0.18,1,0,0
1,0.37,6,1,0.06,0,0,0
5,0.43,6,4,0.55,1,0,0
1,0.02,6,3,0.38,3,0,0
3,0.25,1,1,0.4,1,0,0
2,0.35,2,3,0.51,1,0,0
2,0.27,5,0,0.44,7,0,0
0,0.33,5,1,0.07,6,0,0
2,0.41,2,2,0.37,2,0,0
2,0.19,5,3,0.59,3,0,0
4,0.42,4,5,0.13,2,0,0
0,0.08,3,2,0.37,2,0,0
3,0.14,2,1,0.34,3,1,0
3,0.02,2,1,0.23,1,0,0
3,0.18,2,2,0.57,2,0,0
2,0.19,2,2,0.21,3,0,0
0,0.4,3,0,0.06,2,0,0
2,0.33,6,1,0.58,3,0,0
2,0.22,1,4,0.44,3,0,0
1,0.33,4,1,0.21,2,0,0
0,0.03,1,3,0.17,4,1,0
0,0.09,2,2,0.56,7,0,0
1,0.31,4,1,0.16,2,0,0
0,0.32,2,2,0.32,2,0,0
2,0.39,2,1,0.13,2,1,1
1,0.2,6,0,0.6,3,1,0
3,0.36,4,2,0.46,2,0,0
1,0.34,1,2,0.34,8,0,0
1,0.48,1,3,0.45,3,1,1
6,0.11,3,0,0.55,1,0,0
3,0.28,3,2,0.58,4,1,0
1,0.3,3,1,0.47,1,1,0
1,0.5,4,0,0.51,3,0,0
4,0.1,0,0,0.24,0,0,0
3,0.26,3,2,0.24,1,0,0
0,0.17,3,1,0.48,1,1,0
0,0.26,2,1,0.46,2,0,0
3,0.12,5,3,0.54,4,0,0
3,0.02,2,2,0.08,1,0,0
4,0.29,4,2,0.41,1,1,0
2,0.17,3,2,0.39,3,0,0
1,0.09,1,0,0.48,3,0,0
4,0.16,1,1,0.01,5,0,0
2,0.02,3,3,0.5,3,0,0
1,0.48,1,2,0.2,1,0,0
2,0.29,3,2,0.41,2,1,0
2,0.41,7,0,0.37,3,1,1
2,0.21,2,3,0.26,0,0,0
1,0.45,4,2,0.45,3,0,0
0,0.24,2,3,0.58,3,0,0
3,0.29,2,0,0.19,0,0,0
4,0.25,2,4,0.45,2,0,0
6,0.37,1,0,0.19,0,0,1
4,0.28,2,1,0.51,3,0,0
2,0.14,4,0,0.26,3,0,0
1,0.07,2,4,0.27,3,0,0
4,0.3,2,1,0.46,4,1,0
2,0.24,0,0,0.3,3,0,0
3,0.05,1,1,0.16,1,0,0
2,0.2,3,1,0.6,1,0,0
3,0.26,4,5,0.37,2,0,0
0,0.41,3,2,0.39,3,0,0
2,0.04,4,2,0.39,3,0,0
2,0.17,3,3,0.53,2,0,0
2,0.41,7,1,0.11,0,0,0
3,0.32,1,3,0.04,0,1,0
2,0.14,3,1,0.23,2,0,0
2,0.42,0,1,0.34,0,1,1
3,0.25,3,1,0.17,6,1,0
5,0.25,4,1,0.41,1,0,0
3,0.49,2,2,0.04,3,0,0
0,0.47,1,3,0.47,3,0,0
2,0.18,3,1,0.43,0,0,0
3,0.07,5,3,0.13,2,0,0
2,0.16,6,1,0.18,4,0,0
3,0.02,4,2,0.48,3,0,0
2,0.01,0,0,0.46,5,0,0
0,0.2,4,0,0.49,3,0,0
2,0.47,2,1,0.19,2,0,0
1,0.44,2,2,0.58,1,0,0
2,0.26,2,2,0.43,1,0,0
2,0.28,3,2,0.04,3,1,0
4,0.0,3,0,0.29,1,1,0
0,0.11,4,0,0.4,2,0,0
2,0.01,1,0,0.1,0,0,0
0,0.38,1,1,0.54,2,0,0
0,0.07,2,4,0.45,1,1,0
1,0.43,3,2,0.05,1,1,1
2,0.32,3,1,0.55,0,0,0
0,0.11,5,1,0.24,3,0,0
1,0.08,3,2,0.27,2,0,0
4,0.31,0,1,0.47,7,0,0
3,0.45,5,0,0.39,1,0,0
4,0.36,1,1,0.26,2,0,0
2,0.17,2,1,0.16,3,0,0
2,0.29,5,0,0.31,1,0,0
2,0.16,4,2,0.35,0,0,0
1,0.5,1,2,0.38,4,0,0
1,0.37,4,0,0.36,5,1,1
1,0.31,10,1,0.37,4,0,0
1,0.21,3,0,0.29,2,1,0
3,0.31,3,3,0.34,4,0,0
2,0.17,7,2,0.17,0,0,0
2,0.01,4,3,0.1,2,0,0
2,0.2,2,0,0.36,1,0,0
0,0.47,5,3,0.03,2,0,0
1,0.31,3,1,0.04,2,0,0
4,0.04,2,1,0.15,0,0,0
2,0.44,5,1,0.12,1,0,0
4,0.13,3,1,0.22,3,0,0
4,0.12,5,0,0.22,2,0,0
2,0.15,4,0,0.07,2,0,0
1,0.29,2,1,0.15,3,1,0
3,0.27,3,2,0.0,3,0,0
3,0.25,2,1,0.21,3,0,0
1,0.36,4,0,0.48,1,0,0
1,0.16,3,1,0.16,5,0,0
4,0.39,2,1,0.39,3,0,0
1,0.09,3,1,0.06,2,0,0
4,0.39,2,0,0.01,0,0,0
0,0.33,3,1,0.3,1,0,0
3,0.34,2,2,0.28,3,0,0
3,0.24,3,2,0.11,1,1,0
3,0.33,4,1,0.17,1,0,0
2,0.04,2,3,0.02,2,1,0
1,0.43,0,1,0.48,2,0,0
0,0.03,0,1,0.18,0,0,0
2,0.07,1,0,0.13,2,0,0
2,0.29,2,3,0.48,3,0,0
2,0.37,1,4,0.02,3,1,1
3,0.04,1,2,0.17,2,0,0
3,0.46,4,0,0.16,2,0,0
1,0.49,0,0,0.16,0,0,0
2,0.3,3,1,0.01,2,0,0
1,0.24,3,0,0.56,1,0,0
2,0.37,1,1,0.52,3,0,0
0,0.16,2,0,0.25,5,0,0
1,0.25,2,0,0.27,0,0,0
1,0.46,0,1,0.31,2,1,1
2,0.48,3,3,0.29,0,1,1
1,0.46,3,2,0.47,1,0,0
1,0.13,3,1,0.29,1,1,0
2,0.12,3,1,0.11,3,1,0
4,0.15,1,2,0.07,0,0,0
0,0.22,3,1,0.55,4,0,0
1,0.16,4,2,0.03,3,0,0
4,0.19,2,3,0.54,2,0,0
2,0.31,2,2,0.41,2,0,0
1,0.38,7,1,0.24,3,0,0
1,0.37,1,1,0.11,4,0,0
3,0.41,10,4,0.19,3,0,0
1,0.02,1,3,0.32,0,0,0
3,0.02,0,2,0.39,2,0,0
3,0.39,3,1,0.41,2,0,0
2,0.27,3,1,0.27,3,0,0
2,0.29,3,1,0.22,5,1,0
4,0.03,3,1,0.46,3,1,0
1,0.13,4,0,0.56,1,0,0
1,0.32,1,3,0.55,0,0,0
2,0.43,3,1,0.33,0,0,0
1,0.46,5,0,0.05,2,0,0
3,0.25,2,0,0.04,2,0,0
3,0.27,3,0,0.24,0,0,0
4,0.42,2,1,0.44,2,0,0
1,0.27,1,2,0.3,1,0,0
1,0.26,2,5,0.38,2,0,0
1,0.45,5,1,0.51,1,1,1
1,0.39,3,1,0.02,0,0,0
2,0.45,1,2,0.55,2,0,0
0,0.11,1,0,0.2,1,0,0
1,0.26,5,1,0.03,1,1,0
2,0.42,2,0,0.5,2,0,0
4,0.06,3,2,0.56,4,0,0
0,0.4,5,2,0.46,1,1,1
0,0.09,0,1,0.48,3,0,0
1,0.4,5,2,0.52,1,0,0
1,0.31,3,2,0.31,0,0,0
4,0.1,1,0,0.41,1,0,0
2,0.24,2,1,0.17,0,0,0
2,0.34,3,3,0.15,1,0,0
2,0.32,4,1,0.37,2,0,0
5,0.21,4,1,0.44,3,0,0
3,0.45,3,2,0.24,1,0,0
4,0.26,2,2,0.24,3,0,0
3,0.25,1,0,0.57,1,0,0
0,0.03,6,1,0.31,4,1,0
3,0.46,5,3,0.59,6,0,0
2,0.09,0,2,0.52,3,1,0
3,0.26,1,0,0.38,3,1,0
3,0.4,3,3,0.01,1,0,0
1,0.11,5,1,0.18,3,0,0
1,0.26,1,1,0.25,2,0,0
4,0.12,3,2,0.39,3,0,0
0,0.38,5,1,0.24,2,0,0
2,0.28,1,2,0.5,0,0,0
3,0.43,3,0,0.4,2,0,0
1,0.45,2,1,0.21,1,0,0
0,0.32,5,4,0.47,6,0,0
3,0.36,4,1,0.18,4,0,0
2,0.27,1,0,0.04,2,0,0
1,0.19,6,2,0.1,3,0,0
2,0.32,2,1,0.0,2,0,0
1,0.45,2,1,0.5,2,0,0
0,0.21,4,2,0.38,1,0,0
2,0.16,1,0,0.34,3,0,0
0,0.19,3,0,0.4,1,0,0
3,0.22,3,4,0.39,3,0,0
2,0.04,3,0,0.34,0,1,0
4,0.25,3,2,0.51,6,0,0
1,0.25,4,4,0.26,4,0,0
0,0.29,4,0,0.48,2,0,0
0,0.18,3,0,0.47,0,1,0
4,0.31,3,0,0.12,2,0,0
0,0.44,4,0,0.27,1,0,0
5,0.48,3,1,0.5,0,0,0
0,0.29,2,3,0.5,2,0,0
3,0.02,3,1,0.01,0,0,0
2,0.48,3,1,0.13,1,0,0
1,0.35,2,0,0.25,2,1,0
1,0.17,3,1,0.03,4,0,0
1,0.07,3,4,0.16,0,0,0
2,0.07,4,1,0.15,2,0,0
3,0.08,7,4,0.13,0,0,0
2,0.02,3,0,0.24,2,1,0
3,0.45,4,2,0.49,1,0,0
3,0.27,3,2,0.15,0,0,0
1,0.35,4,1,0.35,4,0,0
2,0.41,4,3,0.33,2,0,0
2,0.4,2,0,0.49,2,1,1
2,0.44,3,2,0.24,1,0,0
4,0.48,3,0,0.13,5,0,0
1,0.22,1,1,0.53,2,1,0
0,0.48,1,2,0.5,1,0,0
1,0.36,2,1,0.37,2,0,0
2,0.04,2,1,0.06,2,0,0
0,0.34,4,3,0.01,4,1,0
1,0.34,2,2,0.11,0,0,0
0,0.45,2,1,0.12,0,0,0
2,0.19,3,3,0.08,3,0,0
2,0.29,2,2,0.16,0,0,0
3,0.01,1,1,0.2,1,0,0
0,0.17,3,0,0.45,0,0,0
5,0.03,2,2,0.43,2,0,0
5,0.26,2,3,0.06,3,0,0
1,0.41,2,6,0.59,1,0,0
4,0.1,5,3,0.45,1,0,0
2,0.26,2,2,0.1,3,0,0
3,0.1,2,2,0.07,2,0,0
2,0.06,3,1,0.05,2,0,0
3,0.26,3,0,0.44,1,0,0
2,0.04,4,3,0.14,1,0,0
2,0.29,3,2,0.04,4,0,0
2,0.02,4,2,0.25,1,0,0
2,0.05,3,1,0.43,0,1,0
0,0.27,1,1,0.18,5,0,0
4,0.3,3,2,0.29,1,0,0
4,0.01,3,1,0.12,3,0,0
1,0.29,1,1,0.26,0,0,0
3,0.42,3,2,0.22,3,0,0
0,0.36,2,0,0.26,2,0,0
2,0.07,0,2,0.28,1,0,0
0,0.3,0,2,0.06,3,0,0
3,0.34,2,1,0.06,4,0,0
2,0.02,4,0,0.16,0,0,0
1,0.43,2,2,0.07,0,0,0
0,0.45,4,1,0.15,0,0,0
0,0.43,1,1,0.01,2,0,0
4,0.41,3,1,0.21,5,0,0
2,0.37,3,1,0.13,0,0,0
2,0.32,0,2,0.54,3,0,0
3,0.34,1,1,0.51,2,0,0
5,0.4,4,1,0.18,3,1,1
3,0.33,3,0,0.29,2,0,0
0,0.16,1,1,0.57,0,1,0
0,0.19,1,1,0.31,4,0,0
2,0.45,4,2,0.51,1,0,0
2,0.01,3,1,0.5,3,0,0
2,0.35,6,1,0.56,1,1,0
3,0.48,5,1,0.18,2,0,0
0,0.35,3,1,0.03,1,0,0
0,0.5,3,0,0.06,0,0,0
3,0.34,2,4,0.34,1,1,0
2,0.02,2,1,0.32,2,0,0
3,0.41,1,4,0.18,3,1,1
1,0.14,0,1,0.15,3,1,0
3,0.22,6,2,0.43,0,0,0
3,0.16,1,3,0.2,4,0,0
1,0.13,4,3,0.36,1,0,0
3,0.22,4,3,0.43,1,0,0
4,0.19,1,0,0.26,1,0,0
2,0.32,5,2,0.12,0,0,0
1,0.41,2,0,0.52,2,0,0
4,0.15,4,0,0.06,4,0,0
1,0.11,1,1,0.5,1,0,0
1,0.33,3,2,0.5,3,0,0
3,0.34,8,1,0.34,3,0,0
1,0.45,4,4,0.38,2,0,0
4,0.01,0,1,0.21,2,0,0
3,0.43,4,2,0.5,3,0,0
0,0.26,6,0,0.16,1,0,0
2,0.31,2,0,0.34,4,1,0
3,0.05,4,1,0.0,1,0,0
2,0.22,1,2,0.56,3,0,0
1,0.11,1,0,0.57,1,0,0
4,0.13,2,0,0.43,2,1,0
1,0.25,2,3,0.25,3,0,0
1,0.41,4,1,0.11,1,0,0
0,0.37,3,3,0.3,0,0,0
3,0.3,1,2,0.47,2,0,0
0,0.27,5,1,0.36,1,0,0
2,0.21,6,3,0.32,2,0,0
1,0.49,3,3,0.51,3,0,0
1,0.28,3,1,0.19,2,1,0
2,0.13,3,1,0.52,1,0,0
4,0.12,5,0,0.26,2,0,0
4,0.31,2,2,0.0,1,0,0
3,0.26,3,2,0.44,1,0,0
4,0.0,4,0,0.53,3,0,0
1,0.42,3,0,0.29,2,0,0
2,0.35,3,3,0.27,1,0,0
1,0.33,3,2,0.48,4,0,0
1,0.03,0,2,0.53,1,1,0
4,0.18,0,4,0.58,2,0,0
2,0.47,3,1,0.21,4,0,0
0,0.43,6,3,0.36,3,0,0
3,0.14,6,1,0.49,5,0,0
1,0.08,2,1,0.32,1,1,0
2,0.22,5,0,0.28,2,0,0
2,0.18,2,1,0.34,1,0,0
0,0.34,3,1,0.21,6,1,0
2,0.48,0,1,0.12,2,0,0
5,0.18,2,2,0.04,4,0,0
2,0.03,4,0,0.37,1,0,0
3,0.45,3,0,0.23,1,0,0
0,0.02,6,2,0.53,1,0,0
2,0.48,4,0,0.13,2,0,0
1,0.33,4,1,0.19,1,1,0
3,0.47,5,2,0.58,0,0,0
2,0.1,5,2,0.33,2,0,0
1,0.02,0,0,0.21,2,0,0
2,0.24,4,2,0.52,3,1,0
1,0.23,2,1,0.45,1,0,0
2,0.17,3,2,0.34,1,0,0
5,0.48,5,4,0.53,3,1,1
3,0.41,2,1,0.06,7,0,0
4,0.33,3,1,0.24,1,0,0
2,0.08,2,2,0.49,4,0,0
2,0.37,6,2,0.23,3,0,0
0,0.36,1,2,0.56,2,0,0
2,0.21,2,1,0.09,2,0,0
1,0.46,3,2,0.2,3,1,1
1,0.08,4,0,0.26,0,0,0
2,0.13,1,0,0.41,4,0,0
3,0.03,2,0,0.12,6,1,0
1,0.4,2,1,0.01,0,0,0
2,0.31,2,1,0.59,3,0,0
1,0.16,3,1,0.54,3,0,0
2,0.08,3,3,0.18,0,0,0
1,0.02,0,1,0.29,2,0,0
1,0.08,5,1,0.29,3,0,0
3,0.23,4,1,0.52,0,0,0
3,0.12,4,1,0.36,0,0,0
1,0.13,0,1,0.5,1,0,0
0,0.44,3,0,0.55,0,0,0
3,0.26,4,3,0.34,3,0,0
3,0.36,2,1,0.17,3,0,0
3,0.02,1,2,0.3,3,0,0
0,0.18,2,1,0.51,3,0,0
0,0.24,4,1,0.35,1,0,0
0,0.09,3,2,0.54,0,0,0
4,0.06,2,4,0.54,3,0,0
1,0.44,2,2,0.22,1,0,0
3,0.47,3,4,0.27,1,0,0
0,0.04,2,1,0.41,1,0,0
0,0.17,3,1,0.07,1,0,0
4,0.48,1,0,0.28,2,0,0
1,0.04,5,2,0.09,2,0,0
2,0.32,1,0,0.51,2,1,0
4,0.49,3,1,0.57,1,0,0
1,0.49,3,1,0.08,3,0,0
0,0.24,2,1,0.4,3,0,0
1,0.08,2,3,0.38,1,1,0
2,0.1,3,1,0.46,0,0,0
1,0.44,4,1,0.42,2,1,1
1,0.46,3,4,0.13,0,0,0
1,0.3,0,1,0.17,0,1,0
3,0.38,2,4,0.1,0,1,1
1,0.37,1,1,0.55,0,0,0
1,0.33,1,1,0.31,2,0,0
3,0.41,3,1,0.59,1,0,0
1,0.34,2,0,0.27,0,0,0
2,0.27,2,0,0.33,1,0,0
0,0.12,3,1,0.47,0,1,0
1,0.37,2,1,0.48,3,1,1
3,0.24,3,1,0.14,1,1,0
1,0.15,3,0,0.17,1,1,0
4,0.4,2,4,0.06,4,0,0
2,0.35,4,0,0.48,2,0,0
0,0.47,2,3,0.48,4,0,0
4,0.08,3,1,0.05,2,0,0
2,0.32,2,1,0.15,2,0,0
1,0.12,2,3,0.27,2,0,0
1,0.45,2,0,0.33,1,0,0
2,0.05,3,3,0.31,4,0,0
1,0.33,3,3,0.59,0,0,0
2,0.4,3,1,0.46,1,1,1
2,0.18,2,1,0.07,4,0,0
1,0.48,3,0,0.18,1,0,0
1,0.43,1,0,0.21,4,0,0
5,0.15,4,5,0.19,2,0,0
1,0.0,4,2,0.47,0,0,0
6,0.15,2,0,0.22,1,0,0
4,0.14,1,0,0.3,1,1,0
2,0.44,3,1,0.32,4,1,1
1,0.48,3,1,0.16,2,0,0
1,0.04,2,0,0.19,3,0,0
3,0.24,4,7,0.47,2,0,0
2,0.27,4,0,0.52,3,0,0
1,0.05,2,1,0.02,0,0,0
4,0.19,4,2,0.36,2,0,0
2,0.16,3,1,0.38,3,0,0
1,0.27,1,2,0.44,2,0,0
3,0.33,4,3,0.42,1,0,0
2,0.35,0,1,0.53,1,0,0
4,0.07,5,2,0.05,0,0,0
4,0.41,1,3,0.23,3,0,0
1,0.34,4,0,0.47,4,0,0
4,0.44,2,4,0.51,0,0,0
0,0.22,1,2,0.16,0,0,0
3,0.45,5,2,0.35,5,0,0
3,0.43,3,1,0.11,2,0,0
2,0.22,2,1,0.51,2,0,0
3,0.19,2,1,0.44,1,0,0
1,0.47,7,0,0.13,1,0,0
4,0.36,4,3,0.37,3,0,0
3,0.46,2,2,0.31,2,0,0
0,0.4,0,1,0.16,2,0,0
2,0.3,2,3,0.54,5,0,0
1,0.06,1,3,0.09,1,0,0
0,0.15,2,2,0.28,3,0,0
3,0.48,3,1,0.35,1,0,0
1,0.16,3,2,0.49,2,0,0
1,0.05,3,3,0.09,2,0,0
1,0.35,4,3,0.37,3,0,0
4,0.37,1,1,0.0,2,0,0
3,0.14,4,1,0.49,4,0,0
0,0.15,4,2,0.14,0,0,0
1,0.23,2,3,0.43,1,0,0
4,0.01,4,2,0.36,3,0,0
2,0.39,6,2,0.03,2,1,1
1,0.16,6,2,0.11,1,0,0
2,0.43,2,2,0.16,1,0,0
1,0.4,2,0,0.53,0,0,0
3,0.33,0,4,0.29,1,0,0
3,0.16,3,1,0.55,1,0,0
6,0.26,1,1,0.03,3,0,0
1,0.22,5,2,0.0,3,0,0
3,0.17,5,1,0.57,4,0,0
1,0.42,3,1,0.43,3,0,0
4,0.24,2,1,0.47,3,0,0
2,0.42,3,2,0.55,1,0,0
3,0.05,4,3,0.59,1,0,0
1,0.07,2,1,0.06,0,0,0
2,0.49,3,1,0.09,3,0,0
2,0.29,2,3,0.11,3,1,0
2,0.25,2,2,0.49,3,0,0
1,0.26,1,1,0.21,2,0,0
4,0.11,1,0,0.36,1,0,0
1,0.36,5,1,0.51,4,0,0
1,0.04,2,1,0.41,3,0,0
2,0.29,5,9,0.04,4,0,0
2,0.29,2,3,0.27,5,0,0
5,0.46,1,3,0.04,2,0,0
0,0.26,5,0,0.29,2,1,0
0,0.07,4,2,0.13,2,0,0
2,0.29,3,2,0.0,2,0,0
1,0.05,1,3,0.49,2,0,0
4,0.1,6,0,0.58,2,0,0
4,0.02,2,3,0.58,1,1,0
2,0.26,3,2,0.18,2,0,0
1,0.04,0,2,0.5,1,0,0
1,0.23,3,1,0.41,1,0,0
4,0.47,4,3,0.48,3,0,0
1,0.36,4,1,0.51,3,0,0
8,0.04,4,0,0.59,1,0,0
0,0.11,0,6,0.09,3,0,0
1,0.34,4,2,0.46,1,0,0
3,0.45,5,3,0.44,1,0,0
1,0.02,3,3,0.17,1,0,0
3,0.41,2,5,0.24,2,0,0
2,0.28,3,0,0.11,0,0,0
2,0.27,5,1,0.55,5,1,0
1,0.48,0,1,0.53,4,0,0
2,0.37,4,2,0.37,2,0,0
0,0.43,1,0,0.31,2,0,0
1,0.18,6,2,0.14,0,0,0
0,0.28,3,1,0.47,1,0,0
5,0.31,4,1,0.0,2,1,0
4,0.16,1,2,0.28,1,0,0
3,0.29,4,0,0.52,2,0,0
1,0.12,6,0,0.37,1,0,0
2,0.07,2,1,0.38,6,0,0
1,0.19,6,2,0.04,1,0,0
4,0.37,4,2,0.17,1,0,0
1,0.46,4,3,0.4,1,0,0
0,0.23,3,0,0.03,0,0,0
3,0.32,3,2,0.2,2,0,0
1,0.05,2,1,0.21,0,0,0
3,0.45,3,3,0.3,3,0,0
0,0.28,3,0,0.22,2,0,0
2,0.39,3,2,0.27,4,0,0
2,0.4,2,1,0.33,3,1,1
1,0.13,2,1,0.08,2,0,0
3,0.26,5,1,0.11,1,0,0
3,0.48,1,3,0.5,1,0,0
1,0.04,2,0,0.28,1,0,0
1,0.34,6,0,0.21,0,0,0
3,0.48,4,4,0.26,1,0,0
1,0.15,1,1,0.1,1,0,0
0,0.43,3,1,0.14,1,0,0
1,0.47,3,2,0.31,3,0,0
3,0.37,2,0,0.22,2,0,0
4,0.12,1,0,0.29,2,0,0
2,0.17,4,5,0.09,4,0,0
0,0.02,5,1,0.09,4,0,0
2,0.42,2,1,0.23,2,0,0
1,0.42,1,0,0.23,1,0,0
3,0.32,4,1,0.53,1,0,0
2,0.18,3,0,0.02,1,0,0
2,0.04,5,1,0.6,3,0,0
2,0.38,2,0,0.57,0,0,0
0,0.36,1,0,0.33,2,0,0
3,0.46,2,0,0.43,0,0,0
2,0.37,1,1,0.56,2,0,0
0,0.41,7,1,0.15,1,0,0
2,0.37,2,2,0.19,6,0,0
2,0.32,6,0,0.07,2,0,0
2,0.21,3,2,0.34,2,0,0
2,0.45,1,2,0.1,2,0,0
3,0.33,4,3,0.56,0,0,0
1,0.2,7,0,0.26,1,0,0
2,0.04,0,1,0.55,3,0,0
2,0.15,5,0,0.12,3,1,0
3,0.27,3,1,0.42,1,0,0
2,0.14,5,3,0.39,0,0,0
4,0.11,3,1,0.24,2,0,0
2,0.26,2,1,0.54,3,0,0
1,0.08,3,1,0.26,2,0,0
1,0.4,2,0,0.12,1,0,0
0,0.24,5,2,0.59,1,0,0
2,0.29,3,2,0.26,1,0,0
4,0.07,4,2,0.12,1,0,0
1,0.16,2,1,0.22,5,0,0
0,0.21,1,3,0.37,2,0,0
2,0.4,5,3,0.31,2,0,0
0,0.39,4,1,0.38,1,1,1
0,0.11,5,2,0.4,0,0,0
3,0.31,5,3,0.07,0,0,0
2,0.12,3,5,0.19,2,0,0
3,0.49,5,4,0.45,3,1,1
1,0.48,2,1,0.39,2,0,0
1,0.28,1,0,0.05,0,0,0
2,0.35,3,1,0.19,2,0,0
4,0.4,6,1,0.56,1,0,0
3,0.36,4,3,0.52,3,0,0
1,0.35,1,1,0.4,1,0,0
4,0.48,6,2,0.04,1,0,0
1,0.3,3,2,0.36,4,0,0
3,0.32,2,0,0.01,5,1,0
1,0.42,0,1,0.4,3,1,1
1,0.33,4,1,0.44,1,0,0
2,0.37,1,1,0.3,0,0,0
3,0.12,4,0,0.0,6,0,0
1,0.19,2,0,0.4,4,0,0
3,0.07,6,1,0.49,5,0,0
2,0.25,2,2,0.35,0,0,0
2,0.23,2,0,0.43,2,1,0
2,0.5,6,1,0.05,1,0,0
0,0.31,5,2,0.43,1,0,0
5,0.39,1,2,0.37,0,0,0
2,0.17,4,0,0.2,1,0,0
2,0.42,1,2,0.41,1,0,0
0,0.31,4,1,0.39,1,0,0
4,0.35,3,1,0.36,1,0,0
1,0.15,3,1,0.11,3,0,0
1,0.27,3,3,0.18,4,0,0
5,0.32,1,0,0.59,1,0,0
0,0.29,3,2,0.26,2,0,0
2,0.46,2,0,0.04,2,0,0
1,0.45,3,1,0.54,1,0,0
3,0.49,3,1,0.1,2,1,1
2,0.33,1,1,0.24,2,0,0
5,0.49,3,4,0.17,2,0,0
3,0.42,4,2,0.58,0,0,0
2,0.14,3,2,0.23,3,0,0
2,0.21,4,2,0.43,1,0,0
1,0.12,4,1,0.36,4,0,0
0,0.0,2,6,0.03,1,0,0
1,0.09,2,1,0.23,5,0,0
3,0.0,0,3,0.23,3,0,0
1,0.36,2,2,0.59,0,0,0
1,0.21,4,1,0.49,0,0,0
0,0.16,3,1,0.51,3,0,0
2,0.38,2,1,0.19,2,1,1
3,0.42,6,1,0.2,7,0,0
4,0.49,1,0,0.31,2,0,0
2,0.32,2,4,0.38,3,1,0
3,0.23,6,0,0.44,1,0,0
3,0.15,1,1,0.49,1,0,0
2,0.11,2,1,0.52,4,0,0
3,0.11,5,3,0.01,0,0,0
0,0.2,3,2,0.48,5,0,0
2,0.5,7,1,0.37,2,0,0
2,0.0,2,2,0.32,0,0,0
4,0.1,2,1,0.38,3,0,0
2,0.09,1,0,0.53,6,0,0
2,0.36,0,1,0.33,2,0,0
2,0.18,2,0,0.1,2,1,0
2,0.23,2,3,0.26,4,1,0
1,0.07,4,1,0.55,1,0,0
2,0.2,1,2,0.49,0,1,0
3,0.05,6,2,0.12,3,0,0
1,0.27,3,5,0.43,3,0,0
3,0.05,6,2,0.15,2,0,0
3,0.4,5,0,0.21,2,0,0
1,0.28,1,2,0.28,2,0,0
1,0.36,3,1,0.26,2,0,0
4,0.21,5,4,0.02,2,0,0
2,0.19,1,0,0.46,1,0,0
1,0.05,4,1,0.51,2,0,0
1,0.26,3,3,0.32,3,0,0
0,0.26,1,1,0.1,1,0,0
2,0.23,2,1,0.15,4,0,0
3,0.37,3,1,0.08,2,0,0
2,0.42,2,2,0.1,2,0,0
1,0.38,3,0,0.53,1,0,0
1,0.07,3,2,0.29,1,1,0
4,0.31,3,3,0.07,3,0,0
1,0.04,3,2,0.15,3,0,0
1,0.35,2,0,0.57,0,0,0
3,0.19,1,1,0.31,1,0,0
1,0.07,1,0,0.31,0,0,0
1,0.43,4,1,0.32,1,0,0
3,0.31,2,2,0.07,1,1,0
2,0.18,1,2,0.58,1,0,0
2,0.02,2,3,0.05,2,0,0
2,0.27,4,0,0.42,2,1,0
2,0.46,1,4,0.03,4,0,0
3,0.3,4,0,0.27,1,1,0
3,0.49,3,2,0.54,3,0,0
5,0.07,3,1,0.46,1,0,0
1,0.28,2,1,0.2,2,1,0
3,0.4,1,0,0.33,2,0,0
1,0.26,3,0,0.1,2,1,0
0,0.05,0,2,0.57,1,0,0
2,0.29,2,0,0.43,0,0,0
3,0.31,4,1,0.22,4,0,0
1,0.36,1,0,0.19,2,0,0
4,0.38,0,1,0.14,1,0,0
1,0.39,0,3,0.47,4,0,0
0,0.33,4,1,0.26,1,0,0
2,0.11,1,2,0.2,2,0,0
0,0.2,3,2,0.54,0,1,0
4,0.39,4,0,0.09,0,1,1
1,0.48,1,0,0.16,0,0,0
2,0.04,3,1,0.21,4,0,0
1,0.27,2,2,0.16,2,0,0
1,0.16,3,3,0.35,3,0,0
1,0.11,2,1,0.36,4,0,0
2,0.25,2,1,0.03,2,0,0
1,0.3,2,4,0.09,3,0,0
2,0.0,2,1,0.12,1,0,0
3,0.39,4,0,0.04,1,0,0
4,0.41,3,3,0.07,3,0,0
2,0.48,2,1,0.14,6,0,0
2,0.09,3,0,0.21,2,0,0
3,0.3,4,2,0.47,5,1,0
3,0.21,4,0,0.13,2,0,0
2,0.17,3,1,0.4,3,0,0
3,0.28,5,1,0.03,3,0,0
1,0.39,0,1,0.39,1,0,0
4,0.01,1,2,0.48,2,0,0
0,0.48,2,2,0.36,3,0,0
5,0.4,4,3,0.12,2,0,0
2,0.38,3,0,0.2,1,0,0
1,0.38,4,0,0.48,0,0,0
1,0.19,2,3,0.26,2,0,0
1,0.38,0,0,0.15,2,0,0
2,0.19,1,1,0.56,2,0,0
1,0.45,4,1,0.38,6,1,1
4,0.09,2,4,0.48,1,0,0
3,0.15,3,5,0.01,2,0,0
0,0.28,6,0,0.2,4,0,0
2,0.16,3,2,0.28,2,0,0
0,0.21,2,1,0.35,2,1,0
0,0.25,2,0,0.11,1,1,0
2,0.43,2,1,0.3,4,0,0
3,0.26,5,4,0.41,1,0,0
2,0.18,3,3,0.21,0,0,0
2,0.12,1,3,0.41,3,0,0
1,0.2,5,1,0.23,2,0,0
0,0.26,3,5,0.28,0,0,0
2,0.37,3,3,0.08,2,0,0
3,0.06,2,1,0.39,4,0,0
3,0.11,2,2,0.13,1,0,0
3,0.19,4,2,0.5,1,0,0
3,0.18,3,1,0.33,0,0,0
0,0.2,6,0,0.34,2,0,0
1,0.4,0,0,0.55,1,0,0
2,0.16,3,0,0.1,2,1,0
1,0.25,4,2,0.32,3,0,0
4,0.31,2,0,0.23,4,1,0
0,0.12,2,0,0.58,4,0,0
1,0.36,2,2,0.48,5,0,0
4,0.27,2,0,0.45,3,0,0
1,0.22,1,0,0.12,0,0,0
2,0.4,5,0,0.14,2,0,0
4,0.12,2,0,0.02,2,0,0
2,0.44,2,2,0.38,1,0,0
3,0.28,1,2,0.22,2,0,0
1,0.3,6,0,0.19,4,1,0
2,0.44,2,2,0.38,3,0,0
1,0.41,2,1,0.5,0,0,0
3,0.3,3,2,0.08,2,0,0
3,0.38,5,2,0.55,0,0,0
1,0.22,1,1,0.02,1,0,0
3,0.27,6,0,0.06,1,0,0
3,0.03,5,3,0.5,1,0,0
3,0.04,6,3,0.3,0,0,0
2,0.41,5,0,0.56,1,0,0
0,0.03,3,1,0.28,0,0,0
4,0.08,3,0,0.56,3,0,0
1,0.4,2,1,0.14,0,0,0
2,0.0,3,2,0.37,1,0,0
2,0.14,6,3,0.6,1,0,0
1,0.29,5,0,0.23,5,0,0
2,0.3,2,1,0.0,6,0,0
6,0.39,1,0,0.04,2,0,1
0,0.25,7,2,0.52,1,0,0
4,0.25,4,2,0.3,3,0,0
2,0.36,2,1,0.32,4,0,0
1,0.25,3,3,0.48,2,0,0
2,0.3,5,0,0.49,2,1,0
4,0.45,2,2,0.29,1,0,0
1,0.2,2,2,0.51,2,1,0
2,0.19,3,0,0.28,3,0,0
2,0.0,5,3,0.41,1,0,0
5,0.31,3,1,0.02,1,0,0
1,0.01,3,0,0.08,0,0,0
0,0.25,2,0,0.51,0,0,0
2,0.4,4,2,0.19,0,0,0
1,0.27,7,2,0.2,0,0,0
0,0.13,1,4,0.4,1,0,0
1,0.39,3,1,0.36,1,1,1
1,0.13,3,0,0.05,0,0,0
2,0.37,3,2,0.46,4,1,1
2,0.31,2,1,0.37,3,0,0
2,0.08,1,2,0.51,2,0,0
0,0.45,4,0,0.32,2,0,0
3,0.1,4,1,0.25,3,0,0
1,0.49,6,0,0.22,4,1,1
1,0.0,3,4,0.0,3,0,0
3,0.13,3,3,0.02,3,0,0
1,0.1,3,3,0.08,3,1,0
0,0.01,3,1,0.56,3,0,0
1,0.37,6,0,0.53,2,0,0
2,0.35,5,3,0.3,3,0,0
2,0.4,5,0,0.11,3,0,0
1,0.13,3,0,0.09,2,0,0
1,0.22,4,1,0.15,1,1,0
4,0.33,2,2,0.55,3,1,0
3,0.22,1,0,0.31,2,0,0
0,0.35,1,2,0.48,0,0,0
1,0.32,3,0,0.3,2,0,0
3,0.06,0,2,0.37,5,0,0
3,0.39,4,3,0.37,2,0,0
1,0.36,2,1,0.02,3,0,0
2,0.33,6,0,0.27,3,0,0
3,0.08,4,0,0.52,1,0,0
1,0.13,2,0,0.29,1,0,0
0,0.2,5,2,0.26,0,0,0
2,0.14,1,6,0.32,1,0,0
3,0.11,7,1,0.23,1,0,0
2,0.4,2,1,0.31,2,0,0
3,0.32,1,1,0.08,3,0,0
0,0.28,5,1,0.58,2,1,0
2,0.11,3,1,0.02,3,0,0
4,0.46,1,1,0.29,4,0,0
4,0.1,6,1,0.13,4,0,0
2,0.4,5,2,0.04,2,0,0
2,0.48,4,0,0.39,0,0,0
1,0.36,4,4,0.59,5,1,1
1,0.5,3,2,0.45,4,1,1
0,0.33,4,0,0.15,1,0,0
2,0.11,2,1,0.3,2,0,0
0,0.1,3,1,0.03,0,0,0
1,0.16,0,1,0.32,2,0,0
3,0.0,3,0,0.06,1,0,0
0,0.34,3,0,0.48,4,0,0
2,0.13,2,0,0.03,2,0,0
1,0.41,3,0,0.01,3,0,0
2,0.18,3,0,0.52,1,0,0
0,0.24,1,2,0.57,2,0,0
2,0.48,1,2,0.05,3,0,0
1,0.12,1,2,0.17,2,0,0
3,0.36,2,1,0.45,2,0,0
3,0.38,2,0,0.32,4,1,1
2,0.11,1,2,0.57,0,0,0
2,0.25,3,1,0.23,1,1,0
2,0.18,3,1,0.0,0,0,0
0,0.39,0,3,0.01,6,0,0
2,0.31,2,2,0.34,1,0,0
2,0.24,2,1,0.45,1,0,0
1,0.39,6,2,0.47,0,0,0
3,0.12,4,1,0.55,0,0,0
1,0.38,2,1,0.14,3,0,0
1,0.43,5,0,0.44,3,0,0
2,0.44,2,0,0.5,3,0,0
1,0.39,5,1,0.5,2,0,0
1,0.2,3,2,0.25,2,0,0
0,0.49,2,3,0.38,2,1,1
3,0.19,2,1,0.33,4,0,0
2,0.32,4,3,0.36,1,0,0
2,0.08,3,0,0.17,1,1,0
4,0.49,4,3,0.41,0,1,1
1,0.35,7,3,0.43,3,0,0
3,0.38,4,1,0.12,3,0,0
2,0.03,5,2,0.27,1,0,0
2,0.38,1,0,0.25,2,0,0
1,0.39,2,0,0.45,2,1,1
3,0.34,4,2,0.4,0,0,0
1,0.15,0,2,0.29,0,0,0
2,0.24,3,1,0.39,1,1,0
1,0.06,1,5,0.16,1,0,0
3,0.24,2,2,0.14,2,0,0
3,0.12,2,2,0.14,1,0,0
1,0.17,3,0,0.02,4,0,0
2,0.08,3,1,0.41,1,0,0
0,0.12,3,1,0.59,3,0,0
2,0.04,3,1,0.19,3,0,0
2,0.46,2,2,0.56,2,0,0
0,0.27,3,1,0.36,2,0,0
3,0.2,1,3,0.13,1,1,0
4,0.27,3,3,0.01,1,0,0
0,0.31,3,1,0.43,5,0,0
3,0.46,5,5,0.42,5,0,0
1,0.09,6,1,0.14,1,0,0
2,0.15,1,1,0.2,3,1,0
3,0.49,2,0,0.54,2,0,0
2,0.19,5,5,0.09,3,0,0
0,0.01,3,0,0.5,0,0,0
0,0.07,3,3,0.1,3,0,0
1,0.01,3,2,0.29,1,1,0
4,0.49,0,0,0.3,4,0,0
1,0.14,0,1,0.28,1,0,0
0,0.46,1,1,0.17,0,1,1
2,0.5,3,0,0.15,1,0,0
0,0.3,4,1,0.44,3,1,0
3,0.02,3,1,0.17,1,0,0
3,0.04,2,1,0.37,1,0,0
2,0.24,3,1,0.51,1,0,0
4,0.2,1,0,0.5,3,0,0
0,0.3,1,1,0.1,2,0,0
4,0.22,1,2,0.39,3,0,0
1,0.47,3,4,0.36,2,1,1
2,0.27,3,3,0.17,3,0,0
1,0.35,3,0,0.23,2,1,0
1,0.45,5,1,0.17,3,0,0
4,0.07,5,1,0.32,1,0,0
0,0.11,5,1,0.48,3,1,0
0,0.05,3,1,0.53,3,0,0
3,0.07,1,3,0.43,2,0,0
1,0.26,2,3,0.29,0,0,0
2,0.16,2,1,0.57,1,0,0
1,0.21,0,0,0.34,0,0,0
2,0.49,2,2,0.29,2,0,0
3,0.08,2,2,0.51,3,0,0
3,0.27,1,1,0.11,0,1,0
1,0.05,2,2,0.09,1,0,0
1,0.16,2,3,0.47,2,0,0
1,0.26,4,1,0.52,1,0,0
2,0.47,1,2,0.04,4,0,0
2,0.2,7,3,0.46,4,0,0
4,0.03,5,3,0.25,3,0,0
4,0.19,2,2,0.42,2,0,0
4,0.07,1,0,0.08,1,0,0
2,0.11,2,0,0.58,3,0,0
2,0.31,4,0,0.53,2,0,0
0,0.03,1,2,0.24,2,1,0
2,0.23,3,3,0.54,6,0,0
1,0.3,8,1,0.54,2,0,0
2,0.21,2,1,0.28,1,1,0
2,0.01,3,1,0.57,1,1,0
1,0.49,2,1,0.59,1,0,0
5,0.18,2,1,0.13,1,0,0
1,0.39,4,3,0.04,1,1,1
3,0.16,9,2,0.2,1,0,0
2,0.24,3,1,0.29,0,0,0
3,0.19,5,0,0.06,4,1,0
4,0.17,3,1,0.08,2,0,0
1,0.01,1,1,0.58,0,0,0
0,0.18,2,2,0.44,2,0,0
4,0.44,2,0,0.52,0,1,1
3,0.35,5,0,0.58,0,0,0
1,0.07,5,1,0.23,1,0,0
2,0.3,2,1,0.41,3,0,0
4,0.45,2,1,0.11,5,0,0
3,0.35,6,4,0.33,5,0,0
1,0.07,2,0,0.13,4,0,0
0,0.43,6,2,0.1,5,0,0
4,0.15,3,1,0.06,1,0,0
1,0.23,2,1,0.35,2,0,0
1,0.26,3,3,0.57,3,0,0
3,0.43,2,0,0.07,3,1,1
3,0.47,5,3,0.3,2,0,0
2,0.46,1,0,0.41,2,0,0
0,0.0,4,4,0.3,0,0,0
3,0.46,4,3,0.55,1,1,1
1,0.03,5,3,0.1,0,0,0
1,0.13,4,2,0.01,2,1,0
2,0.26,3,4,0.23,1,0,0
1,0.24,3,2,0.33,0,1,0
1,0.3,2,0,0.15,2,0,0
2,0.24,1,0,0.1,2,1,0
1,0.47,2,3,0.48,2,1,1
3,0.12,5,2,0.11,1,0,0
1,0.14,4,2,0.27,1,0,0
1,0.46,2,0,0.57,1,0,0
4,0.04,3,2,0.37,1,0,0
1,0.3,2,2,0.3,0,0,0
3,0.34,6,2,0.22,5,0,0
1,0.25,4,1,0.31,4,0,0
0,0.35,6,1,0.44,1,1,0
3,0.09,3,1,0.49,1,0,0
1,0.43,0,1,0.39,1,0,0
0,0.07,2,2,0.47,5,0,0
3,0.2,5,3,0.05,1,1,0
1,0.04,4,0,0.01,3,1,0
1,0.27,2,1,0.44,1,0,0
4,0.33,1,3,0.16,2,0,0
2,0.47,4,2,0.53,1,1,1
3,0.37,6,0,0.32,3,0,0
2,0.27,8,0,0.29,0,0,0
1,0.47,2,0,0.46,0,0,0
0,0.24,1,0,0.44,4,1,0
2,0.28,3,3,0.42,1,0,0
0,0.3,2,2,0.41,1,0,0
3,0.2,4,1,0.31,1,0,0
1,0.42,2,1,0.56,0,1,1
0,0.09,6,0,0.53,2,1,0
1,0.28,2,2,0.2,1,0,0
1,0.36,0,3,0.48,0,0,0
4,0.45,4,0,0.53,4,0,0
3,0.44,3,2,0.37,1,0,0
3,0.25,3,1,0.33,4,0,0
1,0.32,1,0,0.4,0,1,0
2,0.2,5,1,0.1,1,0,0
3,0.23,4,2,0.05,2,0,0
3,0.45,2,4,0.49,0,0,0
4,0.47,4,1,0.34,0,1,1
0,0.45,4,2,0.07,3,0,0
0,0.07,2,3,0.25,3,0,0
3,0.43,4,3,0.18,0,0,0
2,0.47,3,1,0.53,4,0,0
1,0.18,3,1,0.3,1,0,0
1,0.26,1,1,0.35,2,0,0
1,0.39,4,2,0.14,1,0,0
3,0.28,3,3,0.48,2,0,0
1,0.5,2,2,0.56,3,0,0
0,0.23,3,1,0.48,0,0,0
1,0.36,3,2,0.3,1,1,1
5,0.4,2,1,0.5,2,1,1
1,0.25,4,1,0.11,3,0,0
0,0.43,0,3,0.07,1,0,0
3,0.27,1,1,0.26,5,0,0
2,0.21,4,0,0.11,0,0,0
1,0.05,2,0,0.16,2,0,0
1,0.2,5,2,0.35,0,0,0
4,0.37,3,2,0.24,2,0,0
1,0.46,6,2,0.52,2,0,0
2,0.13,3,3,0.14,3,0,0
2,0.18,3,2,0.6,1,0,0
1,0.08,3,1,0.22,3,0,0
4,0.35,2,0,0.31,2,0,0
1,0.48,3,1,0.08,3,0,0
0,0.32,1,3,0.35,1,0,0
2,0.31,5,1,0.58,1,0,0
0,0.28,2,0,0.45,3,0,0
3,0.04,0,4,0.15,2,1,0
0,0.36,9,2,0.27,2,0,0
5,0.3,3,2,0.26,1,0,0
3,0.33,5,1,0.06,3,0,0
1,0.45,1,0,0.53,0,0,0
2,0.39,4,1,0.23,6,1,1
2,0.39,4,3,0.3,1,0,0
2,0.46,3,0,0.17,6,1,1
1,0.49,4,0,0.09,1,0,0
4,0.29,2,1,0.54,2,0,0
1,0.05,3,1,0.02,2,0,0
4,0.23,5,0,0.24,3,0,0
0,0.39,2,0,0.44,0,0,0
2,0.01,3,1,0.19,2,0,0
2,0.03,2,1,0.27,2,0,0
1,0.03,4,3,0.34,0,0,0
4,0.37,1,0,0.6,1,0,0
2,0.25,1,2,0.45,3,0,0
4,0.18,3,3,0.58,5,1,0
2,0.05,2,4,0.42,1,0,0
3,0.37,3,2,0.16,2,1,1
3,0.16,5,1,0.17,4,1,0
1,0.13,2,0,0.49,1,0,0
0,0.33,1,4,0.26,2,1,0
1,0.28,4,2,0.22,1,0,0
2,0.18,3,1,0.57,2,0,0
2,0.32,6,3,0.01,1,0,0
4,0.14,3,1,0.31,6,0,0
1,0.4,4,2,0.47,2,0,0
3,0.11,1,1,0.44,1,0,0
4,0.08,6,0,0.22,3,0,0
4,0.39,4,0,0.32,4,0,0
1,0.35,4,0,0.0,1,0,0
2,0.09,4,4,0.32,1,0,0
3,0.06,4,3,0.35,3,0,0
0,0.42,1,1,0.52,3,0,0
1,0.39,2,1,0.13,2,0,0
2,0.16,5,2,0.5,1,0,0
3,0.33,2,2,0.43,1,0,0
2,0.06,5,1,0.4,1,0,0
1,0.25,2,1,0.24,3,0,0
1,0.01,0,1,0.22,3,0,0
0,0.2,3,1,0.42,3,0,0
2,0.04,4,2,0.59,1,0,0
2,0.24,1,0,0.24,3,0,0
1,0.21,1,5,0.55,4,0,0
2,0.22,4,2,0.35,3,0,0
3,0.02,3,2,0.52,2,0,0
2,0.18,3,1,0.13,0,0,0
2,0.38,3,0,0.46,1,1,1
3,0.18,2,0,0.5,1,0,0
2,0.36,2,2,0.5,1,1,1
2,0.18,3,0,0.47,4,0,0
1,0.21,2,0,0.18,2,1,0
4,0.28,4,1,0.31,3,0,0
5,0.48,2,1,0.18,3,0,0
1,0.05,3,1,0.21,2,0,0
1,0.02,1,2,0.18,3,0,0
4,0.3,4,1,0.17,1,0,0
2,0.47,2,0,0.42,2,0,0
4,0.49,4,0,0.39,1,0,0
3,0.24,3,3,0.12,2,0,0
2,0.23,4,0,0.41,2,0,0
2,0.32,5,4,0.17,4,0,0
0,0.28,5,2,0.12,0,0,0
2,0.32,3,1,0.45,2,1,0
0,0.44,2,0,0.22,3,0,0
4,0.37,2,1,0.34,4,0,0
3,0.25,1,2,0.12,1,0,0
3,0.23,3,0,0.37,5,0,0
0,0.32,3,0,0.12,2,0,0
4,0.23,1,0,0.1,1,0,0
2,0.23,0,5,0.23,2,0,0
1,0.01,2,2,0.47,0,0,0
1,0.09,1,1,0.11,1,0,0
3,0.24,5,2,0.07,0,0,0
2,0.41,4,3,0.02,2,0,0
1,0.14,3,4,0.25,1,0,0
2,0.26,6,0,0.17,2,0,0
1,0.17,5,1,0.18,3,0,0
2,0.05,3,0,0.59,2,0,0
3,0.48,6,1,0.12,1,1,1
2,0.43,4,1,0.28,2,0,0
1,0.04,1,2,0.59,2,0,0
0,0.36,5,1,0.02,1,0,0
0,0.17,8,2,0.42,1,0,0
1,0.5,2,2,0.22,0,0,0
2,0.15,2,2,0.54,5,0,0
2,0.12,4,3,0.55,1,0,0
2,0.28,4,2,0.23,1,0,0
1,0.42,1,0,0.13,2,0,0
1,0.1,0,0,0.26,1,0,0
2,0.35,3,0,0.58,1,0,0
0,0.03,2,0,0.17,3,0,0
1,0.46,6,2,0.59,2,0,0
3,0.04,2,2,0.49,2,0,0
0,0.46,2,1,0.16,2,0,0
0,0.25,3,2,0.47,1,1,0
1,0.22,4,0,0.03,2,1,0
1,0.49,4,4,0.33,2,0,0
0,0.5,1,1,0.21,2,0,0
2,0.33,2,2,0.26,2,1,0
2,0.06,8,1,0.28,2,0,0
2,0.25,3,2,0.3,1,0,0
0,0.26,3,2,0.39,4,0,0
3,0.26,3,1,0.42,5,0,0
0,0.28,2,3,0.59,1,1,0
2,0.01,2,1,0.46,2,0,0
3,0.36,2,1,0.41,1,0,0
4,0.36,1,2,0.24,2,0,0
2,0.06,5,0,0.07,1,0,0
2,0.29,6,1,0.04,2,0,0
1,0.28,3,0,0.29,3,0,0
4,0.34,6,2,0.4,1,0,0
3,0.04,2,2,0.39,4,0,0
3,0.31,3,4,0.57,2,0,0
2,0.14,2,4,0.23,1,0,0
1,0.25,3,1,0.38,1,0,0
3,0.39,5,3,0.53,1,0,0
1,0.35,3,1,0.24,2,0,0
0,0.06,3,1,0.29,4,0,0
3,0.3,3,2,0.55,0,0,0
2,0.48,5,2,0.33,2,0,0
3,0.08,4,4,0.48,2,0,0
3,0.43,3,1,0.56,0,0,0
0,0.35,1,2,0.34,3,0,0
3,0.39,4,0,0.07,3,0,0
2,0.14,1,1,0.49,2,0,0
2,0.14,7,2,0.49,4,0,0
3,0.45,5,0,0.07,4,0,0
1,0.18,4,3,0.33,1,0,0
1,0.03,7,2,0.29,1,0,0
2,0.3,4,0,0.51,3,0,0
1,0.06,7,1,0.16,0,0,0
0,0.4,4,3,0.26,1,0,0
2,0.32,3,2,0.36,2,0,0
4,0.44,1,2,0.31,0,0,0
2,0.39,3,2,0.57,3,1,1
0,0.06,1,2,0.58,3,0,0
1,0.19,4,2,0.05,0,0,0
5,0.39,3,1,0.18,3,0,0
4,0.21,3,0,0.0,3,0,0
4,0.49,3,3,0.25,0,0,0
4,0.37,2,1,0.4,2,0,0
3,0.01,4,0,0.28,4,0,0
2,0.44,6,2,0.04,0,0,0
1,0.05,1,2,0.12,2,0,0
1,0.07,6,2,0.1,3,0,0
1,0.37,7,1,0.31,0,0,0
0,0.43,2,4,0.41,2,1,1
1,0.27,3,2,0.19,2,0,0
4,0.14,1,2,0.08,2,0,0
0,0.18,2,2,0.48,6,0,0
1,0.17,2,2,0.52,1,0,0
3,0.16,3,1,0.17,1,0,0
1,0.12,3,2,0.25,3,0,0
2,0.3,4,2,0.05,0,0,0
1,0.45,0,1,0.14,0,0,0
2,0.15,2,1,0.46,1,0,0
3,0.09,3,2,0.22,3,1,0
1,0.42,4,0,0.36,3,1,1
5,0.37,1,2,0.57,4,0,0
5,0.47,1,1,0.43,0,0,0
1,0.08,3,0,0.27,2,0,0
0,0.07,3,1,0.22,1,0,0
1,0.27,3,2,0.11,5,0,0
3,0.31,4,2,0.45,4,1,0
1,0.24,2,1,0.07,0,0,0
0,0.3,4,2,0.04,1,0,0
3,0.09,5,2,0.06,1,1,0
2,0.24,5,1,0.15,2,1,0
0,0.33,5,2,0.38,1,0,0
0,0.22,1,0,0.52,5,0,0
1,0.34,1,1,0.6,2,0,0
2,0.23,1,1,0.44,3,0,0
1,0.17,5,2,0.09,4,0,0
0,0.15,5,2,0.17,2,0,0
3,0.21,5,2,0.08,0,0,0
0,0.01,1,2,0.07,1,0,0
2,0.33,2,1,0.34,1,0,0
1,0.42,3,2,0.54,2,0,0
1,0.18,3,3,0.41,3,0,0
3,0.02,3,2,0.48,3,0,0
2,0.49,3,2,0.3,1,0,0
3,0.13,1,3,0.29,3,1,0
3,0.06,2,1,0.56,5,0,0
5,0.18,1,1,0.43,2,0,0
2,0.37,3,0,0.28,0,0,0
0,0.15,6,1,0.2,5,0,0
1,0.29,4,3,0.06,0,0,0
1,0.21,5,1,0.49,3,0,0
2,0.06,3,0,0.1,2,0,0
3,0.17,1,0,0.31,1,0,0
4,0.36,2,0,0.38,2,0,0
0,0.31,5,2,0.45,3,0,0
1,0.06,7,3,0.05,2,0,0
2,0.08,5,0,0.01,2,0,0
2,0.32,3,0,0.42,1,1,0
3,0.41,4,1,0.27,3,0,0
1,0.17,2,1,0.11,4,0,0
1,0.3,3,1,0.59,3,1,0
2,0.09,4,1,0.47,1,1,0
0,0.16,1,4,0.35,1,0,0
3,0.01,4,1,0.42,1,0,0
3,0.38,4,4,0.09,0,0,0
3,0.2,1,1,0.58,2,1,0
3,0.41,0,1,0.6,2,0,0
2,0.35,2,2,0.39,0,0,0
5,0.41,3,2,0.4,0,0,0
3,0.14,4,3,0.42,0,0,0
1,0.09,3,1,0.4,3,0,0
4,0.49,3,1,0.26,3,0,0
2,0.36,2,2,0.32,1,0,0
2,0.42,3,2,0.17,3,0,0
0,0.01,4,5,0.27,0,0,0
1,0.18,6,2,0.26,5,0,0
2,0.37,3,0,0.17,2,0,0
1,0.04,5,2,0.47,1,0,0
3,0.28,3,3,0.25,3,0,0
5,0.21,3,0,0.33,2,0,0
2,0.01,2,0,0.09,1,1,0
2,0.12,3,3,0.28,2,0,0
2,0.14,2,1,0.46,2,0,0
1,0.06,2,0,0.27,2,0,0
1,0.32,5,1,0.33,1,0,0
3,0.12,4,1,0.42,4,0,0
4,0.14,0,0,0.23,3,0,0
2,0.45,2,1,0.21,1,0,0
4,0.23,4,0,0.05,2,0,0
2,0.2,5,1,0.35,3,0,0
3,0.36,2,3,0.42,2,0,0
2,0.45,2,2,0.35,3,0,0
3,0.01,4,2,0.17,2,0,0
2,0.22,3,1,0.16,1,1,0
3,0.31,4,1,0.1,1,0,0
0,0.16,2,1,0.03,1,0,0
2,0.39,4,2,0.26,1,0,0
2,0.49,2,1,0.1,1,0,0
3,0.47,0,2,0.41,2,0,0
2,0.13,3,1,0.58,3,0,0
0,0.11,3,1,0.04,3,0,0
1,0.48,5,2,0.54,5,0,0
4,0.23,6,0,0.39,1,0,0
2,0.1,2,1,0.52,3,0,0
2,0.35,10,2,0.09,2,0,0
1,0.14,3,3,0.54,2,0,0
2,0.13,1,1,0.57,3,1,0
1,0.44,5,2,0.54,0,0,0
2,0.08,3,0,0.47,6,0,0
1,0.03,2,2,0.05,0,0,0
2,0.13,2,1,0.13,0,0,0
1,0.3,6,3,0.55,2,0,0
3,0.06,1,2,0.14,1,0,0
1,0.24,2,0,0.21,4,0,0
2,0.31,5,2,0.03,3,0,0
1,0.42,2,1,0.38,1,0,0
0,0.11,4,5,0.34,3,0,0
1,0.41,3,0,0.58,2,1,1
2,0.12,3,1,0.54,1,0,0
0,0.34,3,3,0.3,2,0,0
2,0.22,1,3,0.37,2,0,0
2,0.06,1,2,0.25,2,0,0
0,0.36,4,1,0.08,1,0,0
1,0.11,4,0,0.52,1,0,0
2,0.09,2,0,0.33,3,0,0
0,0.18,4,0,0.26,5,0,0
4,0.33,2,1,0.04,0,0,0
4,0.12,2,1,0.4,5,0,0
1,0.09,3,4,0.24,4,0,0
2,0.0,3,2,0.15,2,0,0
3,0.24,2,1,0.53,3,0,0
4,0.21,2,3,0.11,0,0,0
3,0.12,2,2,0.31,2,0,0
1,0.03,1,1,0.48,1,0,0
3,0.21,2,0,0.51,0,0,0
1,0.39,3,0,0.49,0,1,1
1,0.36,1,2,0.54,1,0,0
1,0.43,3,0,0.09,1,0,0
3,0.0,1,1,0.56,2,0,0
0,0.48,1,3,0.01,4,0,0
3,0.17,3,2,0.15,3,0,0
0,0.5,4,1,0.05,1,0,0
2,0.13,7,1,0.57,3,0,0
0,0.24,2,5,0.25,1,0,0
0,0.18,3,1,0.19,0,0,0
0,0.18,2,2,0.1,3,0,0
1,0.42,4,2,0.09,2,0,0
1,0.37,1,2,0.37,3,0,0
3,0.5,3,3,0.03,5,1,1
1,0.31,6,0,0.36,3,0,0
0,0.23,1,2,0.46,3,0,0
3,0.05,4,4,0.36,0,0,0
2,0.5,3,1,0.5,3,0,0
1,0.28,3,3,0.16,2,0,0
1,0.35,2,1,0.05,3,0,0
3,0.2,3,0,0.43,2,0,0
3,0.27,4,0,0.5,1,0,0
1,0.47,1,2,0.3,2,0,0
2,0.08,3,2,0.49,1,0,0
3,0.15,4,2,0.27,2,1,0
2,0.08,4,0,0.12,3,0,0
1,0.4,3,3,0.28,6,0,0
2,0.03,2,5,0.13,1,0,0
1,0.04,4,0,0.28,3,0,0
2,0.15,6,4,0.09,3,0,0
4,0.26,3,2,0.11,5,0,0
1,0.2,7,1,0.53,4,0,0
0,0.02,3,4,0.07,0,0,0
1,0.48,2,3,0.13,1,1,1
4,0.48,2,3,0.6,4,0,0
2,0.14,5,3,0.35,3,1,0
0,0.37,4,2,0.35,7,0,0
1,0.29,1,3,0.51,0,0,0
0,0.12,3,2,0.31,1,0,0
3,0.13,1,0,0.13,0,0,0
1,0.25,5,0,0.25,0,1,0
2,0.21,4,1,0.45,1,0,0
2,0.15,0,0,0.52,1,0,0
3,0.4,2,2,0.16,5,0,0
2,0.24,2,1,0.16,4,0,0
1,0.33,3,0,0.2,3,0,0
4,0.09,6,0,0.36,1,0,0
2,0.27,3,4,0.17,1,0,0
2,0.16,3,2,0.54,2,1,0
1,0.26,3,2,0.59,3,0,0
4,0.39,3,1,0.41,2,0,0
1,0.38,2,1,0.58,1,0,0
3,0.18,1,1,0.17,1,0,0
2,0.35,1,0,0.49,1,0,0
1,0.47,2,0,0.41,2,0,0
1,0.31,1,1,0.16,2,0,0
0,0.07,4,1,0.19,4,0,0
1,0.34,5,0,0.29,1,0,0
1,0.05,5,3,0.47,2,0,0
1,0.44,2,1,0.52,3,0,0
3,0.26,4,0,0.38,5,0,0
2,0.19,2,4,0.43,3,0,0
3,0.03,4,1,0.16,2,0,0
0,0.19,4,1,0.44,2,0,0
1,0.45,7,1,0.36,4,0,0
1,0.01,2,1,0.13,1,0,0
5,0.24,2,4,0.57,1,0,0
5,0.47,9,0,0.31,5,0,0
3,0.2,4,2,0.48,1,1,0
3,0.21,5,2,0.32,4,0,0
2,0.29,1,2,0.56,2,0,0
2,0.23,0,1,0.08,0,0,0
2,0.08,4,3,0.33,0,0,0
0,0.01,3,3,0.02,1,0,0
2,0.3,1,2,0.12,2,0,0
1,0.46,6,1,0.17,1,1,1
2,0.05,1,3,0.28,2,0,0
2,0.11,0,2,0.49,2,0,0
4,0.19,1,2,0.28,3,0,0
4,0.4,1,3,0.34,1,1,1
2,0.13,6,0,0.55,2,0,0
2,0.44,3,1,0.45,2,0,0
4,0.03,2,0,0.03,2,0,0
2,0.47,7,3,0.11,1,0,0
4,0.28,4,2,0.02,3,0,0
0,0.33,2,0,0.04,2,0,0
0,0.18,2,2,0.2,3,0,0
2,0.39,3,0,0.44,3,0,0
2,0.08,1,2,0.15,1,0,0
3,0.02,1,2,0.24,0,0,0
3,0.2,2,1,0.24,3,0,0
4,0.43,3,1,0.35,1,1,1
1,0.38,3,1,0.54,1,0,0
2,0.26,6,1,0.59,2,0,0
1,0.29,8,0,0.36,1,0,0
1,0.06,2,1,0.3,4,0,0
5,0.42,2,1,0.41,1,0,0
1,0.39,2,1,0.4,2,0,0
3,0.33,1,1,0.31,1,0,0
1,0.23,3,1,0.44,1,0,0
0,0.48,1,0,0.29,3,0,0
1,0.44,4,0,0.6,3,0,0
0,0.32,4,1,0.03,1,0,0
1,0.19,4,0,0.27,4,0,0
3,0.31,2,0,0.24,3,1,0
2,0.29,1,0,0.46,1,0,0
1,0.2,2,0,0.11,3,0,0
3,0.15,2,1,0.26,1,0,0
3,0.2,5,1,0.42,1,0,0
0,0.29,3,2,0.36,2,0,0
2,0.21,2,0,0.33,1,0,0
1,0.13,6,0,0.26,2,0,0
2,0.38,4,3,0.45,2,0,0
0,0.27,4,0,0.39,2,0,0
3,0.03,2,3,0.52,7,1,0
2,0.18,1,2,0.44,2,0,0
4,0.44,2,4,0.08,3,0,0
1,0.38,5,1,0.37,0,0,0
4,0.16,3,3,0.03,3,0,0
1,0.47,4,1,0.23,3,0,0
1,0.04,1,1,0.25,1,0,0
0,0.48,4,1,0.51,3,0,0
4,0.12,5,3,0.11,5,0,0
4,0.0,3,0,0.39,4,0,0
2,0.22,1,2,0.12,0,0,0
2,0.18,3,3,0.57,0,0,0
2,0.27,2,1,0.32,1,1,0
2,0.4,5,0,0.42,0,0,0
4,0.42,3,3,0.39,5,1,1
0,0.2,2,1,0.18,1,1,0
4,0.21,3,3,0.54,1,0,0
1,0.07,1,4,0.38,3,0,0
1,0.02,1,2,0.31,0,0,0
2,0.32,4,3,0.32,3,0,0
3,0.03,5,1,0.53,1,0,0
2,0.37,1,0,0.04,2,0,0
7,0.27,3,1,0.23,1,0,0
5,0.1,3,2,0.5,1,0,0
2,0.27,2,0,0.02,0,0,0
3,0.09,2,0,0.38,2,0,0
2,0.22,4,3,0.24,2,0,0
2,0.4,4,0,0.12,3,0,0
2,0.23,1,2,0.37,1,0,0
2,0.07,2,1,0.5,2,0,0
2,0.36,3,0,0.28,4,0,0
1,0.09,0,0,0.09,3,0,0
0,0.37,1,2,0.18,2,0,0
5,0.24,7,5,0.59,0,0,0
5,0.23,3,2,0.07,4,0,0
1,0.43,2,2,0.1,3,1,1
2,0.35,7,2,0.59,2,0,0
0,0.02,4,2,0.53,0,0,0
1,0.15,1,3,0.42,2,0,0
2,0.44,3,1,0.09,0,0,0
0,0.01,2,5,0.14,0,0,0
2,0.27,3,1,0.11,2,0,0
4,0.36,11,1,0.38,2,0,0
3,0.31,4,0,0.24,2,0,0
3,0.38,1,0,0.03,0,0,0
5,0.36,2,0,0.17,2,0,0
3,0.35,3,5,0.52,1,0,0
6,0.41,2,1,0.48,0,0,1
1,0.32,2,0,0.39,2,0,0
4,0.2,2,1,0.05,1,1,0
0,0.24,2,1,0.53,4,1,0
2,0.36,2,1,0.32,1,0,0
4,0.44,7,0,0.3,2,0,0
2,0.14,3,1,0.56,0,0,0
3,0.17,0,0,0.01,2,0,0
0,0.47,5,2,0.33,2,0,0
0,0.29,2,2,0.47,1,0,0
2,0.09,4,1,0.04,3,1,0
5,0.33,2,1,0.21,2,0,0
1,0.5,3,1,0.59,0,0,0
1,0.41,3,1,0.13,1,1,1
2,0.37,8,3,0.32,0,0,0
2,0.1,5,0,0.45,0,0,0
1,0.44,7,0,0.23,0,1,1
0,0.26,3,1,0.24,3,0,0
3,0.44,2,0,0.04,1,0,0
1,0.16,4,0,0.11,0,0,0
1,0.03,4,2,0.53,2,1,0
1,0.24,3,2,0.49,1,0,0
2,0.13,3,0,0.18,2,0,0
2,0.36,0,3,0.23,2,0,0
2,0.48,3,1,0.26,2,0,0
0,0.35,1,3,0.21,1,0,0
3,0.44,1,2,0.39,5,0,0
4,0.23,3,1,0.01,2,1,0
1,0.39,2,1,0.53,4,0,0
5,0.42,3,2,0.18,0,0,0
2,0.36,3,3,0.52,4,0,0
1,0.25,1,2,0.27,2,0,0
3,0.31,3,1,0.47,1,0,0
2,0.35,3,3,0.5,5,0,0
1,0.13,4,1,0.18,4,1,0
2,0.4,1,0,0.38,5,0,0
1,0.48,1,2,0.36,3,0,0
4,0.23,2,2,0.29,1,0,0
3,0.35,2,3,0.28,3,0,0
3,0.37,2,2,0.18,1,0,0
5,0.33,3,1,0.19,2,0,0
1,0.27,0,2,0.33,0,0,0
3,0.44,6,0,0.02,2,0,0
3,0.22,2,1,0.56,1,0,0
5,0.03,5,4,0.39,2,1,0
2,0.42,0,1,0.27,0,0,0
0,0.34,2,2,0.04,0,0,0
2,0.42,5,2,0.38,3,0,0
4,0.07,4,4,0.01,2,0,0
1,0.02,2,1,0.41,0,0,0
4,0.47,2,2,0.04,3,0,0
2,0.07,3,0,0.39,0,1,0
1,0.4,1,2,0.24,1,0,0
2,0.41,3,2,0.4,0,1,1
2,0.35,6,2,0.08,1,1,0
2,0.07,2,2,0.07,0,0,0
3,0.33,3,1,0.15,3,0,0
4,0.44,1,4,0.25,1,0,0
2,0.21,0,5,0.15,2,0,0
0,0.21,2,3,0.05,3,0,0
2,0.22,3,0,0.2,2,0,0
2,0.04,6,2,0.42,5,0,0
1,0.45,1,2,0.35,3,1,1
1,0.43,2,0,0.58,1,0,0
1,0.5,4,3,0.26,2,0,0
1,0.29,3,0,0.2,2,0,0
2,0.38,6,3,0.42,5,0,0
1,0.1,2,0,0.25,1,1,0
2,0.33,4,1,0.37,2,0,0
4,0.32,6,2,0.57,1,0,0
4,0.45,2,0,0.3,2,0,0
2,0.42,3,2,0.3,1,1,1
2,0.47,1,1,0.47,1,0,0
2,0.43,6,2,0.45,3,0,0
0,0.43,4,6,0.31,2,0,0
1,0.03,2,3,0.04,0,0,0
0,0.42,4,0,0.59,1,0,0
1,0.3,4,3,0.23,1,0,0
1,0.19,2,0,0.19,0,0,0
3,0.03,5,0,0.59,2,0,0
2,0.34,2,5,0.52,1,1,0
2,0.16,2,1,0.2,1,1,0
3,0.23,3,1,0.18,0,0,0
1,0.34,4,2,0.43,7,0,0
6,0.46,2,0,0.2,3,0,1
2,0.41,3,2,0.15,6,0,0
4,0.23,5,2,0.59,5,0,0
2,0.19,4,0,0.34,3,0,0
0,0.12,2,1,0.46,2,0,0
3,0.19,4,2,0.43,3,0,0
1,0.06,2,3,0.45,1,0,0
1,0.49,3,1,0.54,4,0,0
2,0.29,2,0,0.3,3,0,0
1,0.06,2,1,0.45,4,0,0
3,0.18,4,2,0.48,1,0,0
2,0.27,0,3,0.57,1,0,0
4,0.27,1,1,0.43,1,0,0
0,0.02,6,3,0.54,2,0,0
2,0.48,3,3,0.06,2,0,0
2,0.14,4,3,0.08,0,0,0
2,0.01,6,1,0.1,3,1,0
3,0.04,4,2,0.09,2,0,0
3,0.29,3,3,0.05,1,1,0
0,0.07,2,2,0.07,2,1,0
2,0.02,6,1,0.6,4,1,0
2,0.19,8,1,0.16,0,1,0
3,0.31,5,1,0.29,4,0,0
3,0.06,2,0,0.49,2,1,0
1,0.16,1,1,0.07,1,0,0
1,0.21,6,3,0.19,2,0,0
2,0.08,3,0,0.1,2,1,0
1,0.25,1,1,0.04,2,0,0
2,0.04,2,1,0.58,3,1,0
5,0.02,1,3,0.52,2,0,0
4,0.26,5,1,0.53,3,0,0
3,0.12,3,0,0.52,2,0,0
4,0.05,2,1,0.09,1,0,0
0,0.21,4,1,0.47,3,0,0
0,0.46,5,0,0.44,3,0,0
0,0.36,3,2,0.56,3,1,1
1,0.41,2,1,0.13,1,0,0
2,0.44,6,1,0.25,1,0,0
1,0.49,0,3,0.18,0,0,0
1,0.38,2,5,0.15,2,0,0
0,0.3,6,1,0.39,5,1,0
3,0.18,3,3,0.1,1,0,0
3,0.09,4,1,0.28,3,0,0
2,0.34,1,0,0.39,2,1,0
2,0.5,4,3,0.08,3,1,1
1,0.23,2,0,0.15,2,0,0
0,0.36,1,0,0.58,2,0,0
1,0.25,2,0,0.48,3,0,0
0,0.22,3,1,0.41,1,0,0
4,0.21,3,1,0.51,5,1,0
2,0.25,3,1,0.01,3,0,0
1,0.18,4,3,0.0,4,0,0
5,0.37,3,1,0.09,2,0,0
1,0.44,4,0,0.3,0,0,0
2,0.44,3,1,0.34,2,1,1
3,0.11,1,1,0.07,3,0,0
1,0.45,1,1,0.04,3,0,0
1,0.17,1,3,0.5,1,0,0
2,0.15,4,1,0.28,2,1,0
1,0.36,3,1,0.6,3,0,0
1,0.15,7,1,0.14,2,0,0
2,0.03,7,2,0.39,2,0,0
0,0.19,4,1,0.48,0,0,0
3,0.36,4,1,0.52,1,0,0
1,0.16,3,1,0.18,3,0,0
1,0.31,10,1,0.12,2,0,0
1,0.33,3,3,0.14,3,0,0
3,0.37,4,1,0.4,0,0,0
3,0.45,2,1,0.31,4,0,0
1,0.22,5,1,0.36,4,0,0
2,0.08,2,3,0.01,1,0,0
2,0.16,3,3,0.23,0,1,0
2,0.22,2,1,0.19,4,0,0
1,0.36,3,0,0.52,2,0,0
2,0.01,4,1,0.47,2,0,0
2,0.16,2,3,0.26,2,0,0
0,0.39,5,3,0.38,1,0,0
3,0.34,3,0,0.03,1,0,0
1,0.37,3,3,0.38,0,0,0
4,0.41,4,4,0.06,2,0,0
3,0.39,4,1,0.43,3,0,0
4,0.34,4,2,0.34,1,0,0
3,0.22,0,1,0.18,2,1,0
0,0.49,2,1,0.22,3,0,0
2,0.28,6,1,0.05,5,1,0
2,0.1,2,1,0.19,0,0,0
1,0.15,4,1,0.58,0,0,0
1,0.35,3,2,0.29,1,0,0
1,0.46,4,1,0.28,2,0,0
4,0.09,3,0,0.38,0,0,0
1,0.04,2,1,0.29,4,0,0
2,0.44,2,3,0.21,0,1,1
0,0.46,1,1,0.08,1,0,0
1,0.14,3,2,0.38,1,0,0
4,0.19,1,2,0.45,1,1,0
0,0.33,6,1,0.55,4,0,0
2,0.16,1,2,0.0,0,0,0
0,0.44,0,2,0.04,1,0,0
3,0.05,4,0,0.54,0,1,0
2,0.02,1,2,0.38,0,0,0
2,0.1,4,2,0.57,2,1,0
2,0.14,1,4,0.26,3,0,0
1,0.06,3,2,0.25,4,1,0
2,0.03,3,0,0.21,3,0,0
2,0.38,2,1,0.09,3,1,1
3,0.08,4,3,0.23,3,0,0
3,0.46,5,0,0.01,3,0,0
1,0.18,1,0,0.31,0,0,0
3,0.34,3,1,0.51,1,0,0
3,0.11,6,2,0.19,2,0,0
4,0.12,1,0,0.06,2,0,0
0,0.29,3,1,0.58,0,0,0
1,0.28,1,0,0.08,1,0,0
0,0.38,3,2,0.32,2,0,0
1,0.38,4,1,0.49,1,0,0
0,0.34,4,1,0.15,1,0,0
2,0.22,3,0,0.5,3,0,0
5,0.45,3,0,0.33,3,0,0
0,0.31,3,0,0.2,2,0,0
6,0.5,1,0,0.52,2,0,1
0,0.41,2,1,0.37,3,0,0
4,0.02,4,1,0.37,2,0,0
2,0.16,2,1,0.3,2,0,0
3,0.29,5,1,0.16,3,0,0
1,0.36,0,0,0.18,1,0,0
4,0.28,3,1,0.05,6,0,0
2,0.39,2,2,0.15,0,0,0
1,0.14,5,1,0.17,0,0,0
0,0.09,6,0,0.04,2,0,0
3,0.03,3,1,0.07,3,0,0
4,0.29,1,2,0.16,0,0,0
2,0.34,4,1,0.41,2,0,0
4,0.16,1,2,0.11,1,0,0
3,0.31,4,1,0.31,3,0,0
2,0.03,1,0,0.3,1,0,0
5,0.05,4,1,0.5,0,0,0
1,0.35,1,1,0.37,4,0,0
2,0.18,5,0,0.55,0,0,0
2,0.34,2,0,0.38,3,0,0
1,0.42,5,2,0.02,1,0,0
0,0.43,2,1,0.23,1,1,1
3,0.09,3,0,0.42,0,0,0
3,0.24,2,4,0.29,3,0,0
3,0.37,1,0,0.25,1,0,0
2,0.39,7,1,0.4,1,0,0
3,0.39,4,4,0.17,2,1,1
3,0.11,3,1,0.55,3,0,0
0,0.1,6,0,0.25,0,0,0
1,0.3,1,3,0.38,2,1,0
4,0.37,3,1,0.59,4,0,0
1,0.16,5,1,0.47,3,0,0
2,0.05,3,3,0.32,2,0,0
3,0.36,3,2,0.52,1,0,0
1,0.15,1,1,0.34,2,1,0
1,0.08,4,0,0.26,3,0,0
4,0.07,4,1,0.52,0,0,0
5,0.16,5,2,0.02,0,0,0
1,0.3,2,2,0.24,0,0,0
1,0.18,2,1,0.21,2,0,0
5,0.01,2,1,0.43,6,0,0
0,0.05,3,1,0.01,1,0,0
2,0.15,3,1,0.4,0,1,0
1,0.33,2,0,0.21,4,0,0
2,0.05,2,1,0.06,3,0,0
2,0.28,2,3,0.59,2,0,0
1,0.06,5,1,0.13,5,0,0
3,0.11,2,2,0.21,4,0,0
3,0.09,3,0,0.12,4,0,0
3,0.03,4,1,0.4,1,0,0
1,0.34,2,2,0.47,1,0,0
0,0.23,1,3,0.52,3,0,0
2,0.42,5,0,0.19,2,0,0
1,0.05,4,0,0.31,4,0,0
4,0.07,4,0,0.4,1,0,0
4,0.15,3,2,0.38,3,0,0
1,0.38,3,2,0.43,1,0,0
0,0.15,6,2,0.46,0,0,0
2,0.2,1,2,0.06,0,0,0
2,0.15,5,1,0.1,2,1,0
4,0.04,5,2,0.44,2,0,0
1,0.47,5,1,0.29,4,0,0
1,0.27,6,1,0.26,2,1,0
2,0.39,2,1,0.27,2,1,1
6,0.33,3,2,0.22,1,0,0
1,0.26,6,3,0.35,2,1,0
0,0.04,1,0,0.19,4,0,0
1,0.32,2,0,0.38,2,0,0
1,0.08,4,2,0.12,1,0,0
0,0.21,1,1,0.45,2,0,0
1,0.31,2,1,0.47,2,0,0
1,0.39,3,0,0.35,1,0,0
4,0.34,0,1,0.22,3,1,0
6,0.34,3,1,0.01,2,0,0
1,0.07,2,1,0.07,1,0,0
1,0.17,0,1,0.05,1,0,0
1,0.02,2,1,0.01,2,0,0
2,0.36,3,2,0.43,1,0,0
0,0.48,0,0,0.57,3,0,0
5,0.13,2,2,0.01,3,0,0
2,0.04,3,0,0.07,0,1,0
2,0.24,1,1,0.52,2,1,0
1,0.43,6,2,0.41,1,0,0
1,0.28,3,2,0.24,0,0,0
1,0.02,1,0,0.6,2,1,0
6,0.49,2,1,0.34,3,0,1
2,0.41,4,2,0.4,3,0,0
1,0.07,1,1,0.39,1,0,0
0,0.46,5,3,0.13,0,1,1
4,0.23,5,2,0.29,0,0,0
0,0.19,1,0,0.13,2,0,0
4,0.23,2,1,0.31,0,0,0
1,0.42,2,2,0.02,2,0,0
3,0.33,4,1,0.23,0,0,0
2,0.03,2,2,0.22,3,0,0
2,0.48,2,2,0.17,4,0,0
3,0.07,3,1,0.05,1,0,0
1,0.37,6,0,0.46,1,0,0
1,0.32,2,2,0.25,2,0,0
1,0.09,3,1,0.49,3,0,0
2,0.09,3,0,0.5,1,0,0
1,0.44,3,0,0.13,2,0,0
1,0.21,3,0,0.25,2,0,0
1,0.33,4,1,0.43,3,1,0
3,0.25,1,2,0.3,1,0,0
6,0.36,2,1,0.51,2,0,1
2,0.24,0,1,0.34,2,0,0
0,0.14,2,0,0.38,3,0,0
0,0.18,6,0,0.47,4,0,0
3,0.43,4,0,0.07,1,0,0
3,0.23,3,0,0.35,1,0,0
4,0.11,4,2,0.05,2,0,0
2,0.47,2,1,0.16,0,0,0
0,0.4,0,0,0.13,1,0,0
2,0.03,3,2,0.34,1,0,0
3,0.5,0,0,0.51,1,0,0
2,0.35,2,2,0.08,2,1,0
1,0.08,3,1,0.46,4,0,0
2,0.12,3,1,0.09,5,0,0
2,0.35,3,2,0.11,2,0,0
1,0.39,6,3,0.55,4,0,0
1,0.12,2,1,0.01,0,0,0
4,0.13,5,1,0.12,2,0,0
2,0.15,6,1,0.13,4,0,0
4,0.3,4,2,0.17,2,0,0
1,0.09,3,4,0.22,2,0,0
1,0.05,3,1,0.06,0,0,0
3,0.34,2,1,0.28,2,0,0
2,0.39,4,0,0.24,2,0,0
1,0.25,6,1,0.37,2,0,0
1,0.18,3,1,0.52,4,0,0
1,0.22,3,0,0.18,5,0,0
1,0.19,2,0,0.33,3,1,0
0,0.48,6,1,0.22,2,0,0
3,0.38,2,1,0.02,1,0,0
4,0.1,3,3,0.49,2,1,0
1,0.19,3,0,0.38,2,0,0
3,0.27,1,5,0.0,1,0,0
0,0.31,1,3,0.15,3,0,0
3,0.23,2,3,0.19,1,1,0
1,0.41,1,2,0.49,2,0,0
2,0.38,5,0,0.46,1,0,0
3,0.25,0,2,0.24,3,0,0
2,0.43,3,1,0.09,2,0,0
1,0.38,5,3,0.23,2,0,0
1,0.39,2,0,0.49,2,0,0
2,0.48,3,1,0.27,4,0,0
1,0.13,4,2,0.07,1,0,0
2,0.13,3,1,0.02,1,0,0
2,0.44,2,1,0.2,2,0,0
3,0.39,4,2,0.09,1,0,0
5,0.46,1,1,0.45,2,0,0
2,0.03,1,0,0.17,2,0,0
2,0.31,4,3,0.53,2,0,0
1,0.07,2,2,0.37,3,0,0
4,0.25,4,1,0.24,1,1,0
2,0.08,2,1,0.37,3,0,0
2,0.06,1,1,0.18,3,0,0
0,0.01,3,1,0.08,3,0,0
1,0.32,2,1,0.58,3,1,0
1,0.18,2,0,0.34,1,0,0
1,0.05,4,1,0.0,1,0,0
2,0.16,6,2,0.19,0,0,0
3,0.08,4,1,0.1,0,0,0
3,0.47,3,0,0.15,1,0,0
4,0.16,3,1,0.03,2,0,0
3,0.17,3,3,0.15,0,0,0
1,0.42,1,0,0.41,2,0,0
3,0.32,0,2,0.49,2,1,0
1,0.36,2,0,0.21,3,0,0
2,0.32,1,1,0.31,2,0,0
0,0.47,3,2,0.03,2,0,0
1,0.1,1,4,0.05,1,0,0
1,0.49,6,2,0.33,2,1,1
4,0.42,2,1,0.5,0,1,1
1,0.29,3,1,0.05,1,0,0
2,0.33,3,1,0.25,2,0,0
2,0.32,0,1,0.58,2,0,0
1,0.03,3,2,0.44,0,0,0
3,0.11,3,2,0.12,4,0,0
4,0.48,2,0,0.17,7,0,0
0,0.27,3,0,0.57,3,0,0
2,0.19,1,6,0.13,3,0,0
2,0.38,3,1,0.26,1,0,0
5,0.26,3,0,0.21,5,0,0
2,0.01,7,1,0.29,0,0,0
2,0.37,0,2,0.14,3,0,0
4,0.37,6,1,0.4,3,0,0
1,0.08,4,3,0.14,2,0,0
4,0.48,4,1,0.36,0,0,0
3,0.11,3,1,0.21,1,0,0
6,0.23,7,2,0.15,4,1,1
0,0.06,3,2,0.42,2,0,0
3,0.3,2,2,0.58,1,0,0
1,0.19,6,0,0.52,0,0,0
1,0.18,2,2,0.05,2,0,0
2,0.41,2,0,0.27,1,0,0
2,0.0,5,0,0.42,2,0,0
1,0.4,2,0,0.34,0,0,0
2,0.29,1,0,0.44,4,1,0
3,0.49,5,1,0.59,3,1,1
2,0.29,0,4,0.21,1,0,0
2,0.03,3,1,0.46,4,0,0
4,0.03,1,0,0.06,1,0,0
1,0.44,3,0,0.52,1,1,1
0,0.42,3,1,0.47,3,0,0
3,0.17,3,0,0.31,1,0,0
2,0.31,2,0,0.49,4,0,0
5,0.24,5,3,0.4,2,0,0
3,0.48,6,1,0.33,1,0,0
7,0.47,5,2,0.57,4,0,1
1,0.49,2,1,0.08,0,0,0
4,0.43,2,4,0.6,1,0,0
1,0.45,7,1,0.09,0,0,0
2,0.11,3,4,0.29,0,0,0
4,0.42,4,3,0.14,1,0,0
2,0.35,2,0,0.16,2,0,0
0,0.48,2,2,0.38,4,1,1
2,0.29,2,1,0.02,3,0,0
2,0.04,7,4,0.56,3,0,0
0,0.3,0,4,0.17,0,0,0
1,0.34,8,2,0.16,2,0,0
3,0.11,5,0,0.52,3,0,0
0,0.2,4,2,0.46,2,0,0
1,0.3,6,1,0.4,3,0,0
1,0.19,2,1,0.09,2,0,0
2,0.19,5,3,0.46,3,0,0
0,0.07,3,2,0.22,2,0,0
0,0.47,2,2,0.6,0,0,0
0,0.38,6,1,0.4,0,0,0
3,0.0,5,0,0.5,0,0,0
3,0.38,5,0,0.44,4,0,0
0,0.37,3,1,0.36,5,0,0
2,0.0,3,5,0.43,3,0,0
3,0.18,3,1,0.36,2,0,0
5,0.3,4,0,0.03,1,1,0
3,0.23,3,2,0.21,4,0,0
1,0.39,2,1,0.19,3,0,0
3,0.21,2,4,0.43,0,0,0
2,0.08,1,0,0.35,1,0,0
0,0.49,1,1,0.37,2,0,0
2,0.12,3,3,0.51,2,0,0
4,0.36,5,2,0.32,1,0,0
3,0.07,2,3,0.13,2,0,0
2,0.16,3,2,0.01,5,0,0
3,0.22,5,0,0.1,1,0,0
3,0.1,2,1,0.02,3,0,0
1,0.22,2,2,0.14,1,0,0
1,0.08,3,2,0.38,0,0,0
5,0.28,3,1,0.09,1,0,0
2,0.33,1,2,0.05,1,0,0
4,0.03,5,1,0.58,5,0,0
4,0.44,5,0,0.6,2,0,0
2,0.09,1,2,0.38,0,0,0
2,0.11,4,3,0.07,2,0,0
3,0.33,5,3,0.49,1,0,0
4,0.23,3,0,0.32,4,0,0
1,0.25,1,1,0.11,1,1,0
2,0.06,5,4,0.35,1,0,0
1,0.4,5,1,0.02,0,0,0
6,0.31,4,1,0.58,2,0,0
2,0.07,3,0,0.5,2,1,0
2,0.19,3,0,0.16,4,0,0
1,0.41,3,1,0.25,0,0,0
4,0.28,2,4,0.24,4,1,0
2,0.05,2,2,0.52,6,0,0
3,0.19,4,3,0.21,2,0,0
1,0.12,1,0,0.03,3,0,0
4,0.26,2,2,0.13,1,0,0
4,0.42,3,2,0.13,1,0,0
0,0.22,0,3,0.57,2,0,0
8,0.22,2,1,0.55,2,0,0
3,0.45,2,5,0.18,1,0,0
2,0.29,2,1,0.0,2,0,0
3,0.28,4,1,0.31,1,0,0
0,0.13,3,1,0.48,1,0,0
2,0.3,1,0,0.16,5,1,0
2,0.29,5,1,0.26,1,0,0
1,0.2,4,0,0.1,2,0,0
3,0.5,5,4,0.2,0,0,0
2,0.44,3,2,0.46,2,0,0
2,0.37,3,1,0.26,2,0,0
2,0.27,2,1,0.27,4,1,0
3,0.23,2,1,0.47,2,0,0
3,0.09,3,1,0.46,1,1,0
3,0.15,1,2,0.11,4,0,0
1,0.39,2,5,0.25,1,0,0
2,0.23,7,0,0.51,5,0,0
3,0.44,2,1,0.27,2,0,0
0,0.07,3,2,0.4,0,0,0
3,0.25,3,3,0.18,0,0,0
1,0.32,4,1,0.04,1,0,0
1,0.26,3,1,0.1,4,0,0
0,0.44,3,2,0.24,2,0,0
2,0.49,5,3,0.21,1,0,0
3,0.06,1,1,0.54,0,0,0
2,0.06,2,1,0.33,2,0,0
4,0.07,2,2,0.38,2,0,0
1,0.34,4,0,0.41,2,0,0
2,0.19,1,1,0.32,1,1,0
1,0.37,2,0,0.46,2,0,0
2,0.2,1,0,0.47,3,0,0
4,0.31,3,1,0.21,3,0,0
0,0.38,2,2,0.05,3,0,0
3,0.27,1,2,0.59,1,0,0
1,0.27,4,1,0.39,3,0,0
2,0.04,4,3,0.43,0,0,0
1,0.21,1,0,0.45,0,0,0
2,0.27,0,0,0.37,3,0,0
3,0.23,1,1,0.28,1,0,0
3,0.45,2,1,0.59,2,0,0
1,0.45,2,2,0.44,3,0,0
1,0.41,3,2,0.51,1,0,0
3,0.19,3,0,0.26,3,0,0
5,0.36,4,3,0.54,1,0,0
1,0.2,3,0,0.44,3,0,0
3,0.12,2,1,0.45,3,0,0
1,0.17,2,2,0.05,2,0,0
1,0.04,3,1,0.37,1,0,0
2,0.17,3,1,0.2,2,1,0
0,0.23,7,0,0.4,3,0,0
2,0.48,2,0,0.34,1,0,0
2,0.16,2,3,0.07,1,1,0
1,0.45,4,0,0.32,3,0,0
4,0.11,2,2,0.27,5,0,0
5,0.1,5,1,0.47,0,0,0
2,0.26,3,0,0.3,2,0,0
1,0.34,4,1,0.29,3,1,0
2,0.02,2,1,0.43,2,0,0
3,0.11,4,0,0.4,3,0,0
0,0.23,2,2,0.6,3,0,0
1,0.17,3,2,0.21,2,0,0
5,0.36,3,3,0.41,1,0,0
3,0.26,3,1,0.1,1,0,0
0,0.08,7,1,0.48,2,0,0
4,0.45,2,3,0.47,3,0,0
2,0.15,6,1,0.44,5,0,0
2,0.37,0,1,0.07,1,1,1
1,0.39,3,1,0.59,1,0,0
4,0.48,4,1,0.57,1,0,0
1,0.25,2,0,0.22,2,0,0
1,0.31,2,1,0.35,1,0,0
3,0.17,3,1,0.53,1,0,0
2,0.34,4,2,0.3,6,0,0
2,0.23,4,2,0.36,1,0,0
1,0.22,0,4,0.36,3,0,0
2,0.43,0,1,0.39,0,0,0
2,0.03,4,2,0.35,3,0,0
1,0.44,5,1,0.24,0,0,0
2,0.43,4,1,0.32,0,1,1
1,0.25,4,1,0.52,1,0,0
3,0.25,6,2,0.52,2,0,0
0,0.18,2,2,0.46,3,0,0
1,0.5,3,0,0.25,1,0,0
2,0.06,2,2,0.47,1,0,0
3,0.3,1,1,0.23,5,0,0
3,0.34,7,3,0.4,4,0,0
0,0.47,3,1,0.34,0,0,0
1,0.39,2,1,0.18,2,0,0
2,0.32,5,2,0.27,5,0,0
0,0.06,4,0,0.5,2,0,0
2,0.19,5,4,0.55,2,1,0
3,0.07,2,1,0.12,2,0,0
2,0.44,3,0,0.27,4,1,1
4,0.37,0,0,0.26,3,0,0
2,0.38,7,0,0.29,5,0,0
2,0.33,7,4,0.59,4,0,0
0,0.25,2,0,0.31,3,1,0
0,0.07,2,3,0.5,3,0,0
2,0.16,3,2,0.4,4,0,0
1,0.07,4,1,0.06,2,0,0
1,0.36,2,3,0.42,1,0,0
3,0.08,5,1,0.39,0,0,0
2,0.35,1,0,0.46,2,0,0
4,0.35,0,0,0.04,3,1,0
3,0.23,4,5,0.14,1,0,0
2,0.07,1,2,0.46,0,0,0
1,0.16,1,0,0.22,3,0,0
1,0.16,2,3,0.55,3,0,0
2,0.35,1,3,0.31,2,0,0
5,0.06,1,2,0.0,2,0,0
4,0.41,1,0,0.42,0,0,0
1,0.38,3,1,0.31,1,0,0
0,0.09,4,2,0.19,2,1,0
0,0.36,3,2,0.01,0,1,1
5,0.33,2,2,0.12,3,0,0
4,0.37,3,0,0.1,1,0,0
2,0.09,2,2,0.35,0,0,0
2,0.08,3,1,0.46,4,0,0
4,0.12,2,3,0.14,1,0,0
3,0.18,4,2,0.42,2,0,0
6,0.4,2,3,0.54,1,0,1
0,0.37,4,3,0.37,1,1,1
3,0.46,1,0,0.47,3,1,1
1,0.03,2,1,0.12,4,0,0
1,0.01,4,1,0.04,4,1,0
1,0.35,4,0,0.22,5,0,0
5,0.14,2,0,0.43,2,0,0
6,0.17,7,2,0.41,4,0,0
1,0.27,2,2,0.57,1,0,0
2,0.05,1,1,0.38,1,0,0
0,0.32,0,3,0.25,3,0,0
0,0.16,3,1,0.48,2,0,0
4,0.32,2,1,0.09,2,0,0
2,0.42,2,3,0.49,1,0,0
1,0.09,4,1,0.22,2,1,0
2,0.47,1,0,0.09,3,0,0
0,0.27,2,4,0.1,0,1,0
0,0.46,2,1,0.59,2,1,1
2,0.1,3,4,0.37,0,0,0
2,0.3,1,5,0.1,3,0,0
0,0.2,3,1,0.16,2,0,0
2,0.39,2,2,0.22,4,0,0
1,0.3,6,1,0.03,2,0,0
3,0.25,4,0,0.07,2,0,0
4,0.46,4,0,0.46,4,0,0
4,0.19,2,1,0.47,1,0,0
2,0.11,1,0,0.59,1,0,0
4,0.3,9,1,0.04,2,0,0
4,0.31,6,1,0.53,3,0,0
2,0.22,3,2,0.19,4,0,0
2,0.24,4,2,0.2,0,0,0
0,0.48,3,1,0.08,0,1,1
4,0.37,4,5,0.59,3,0,0
3,0.06,5,3,0.59,3,0,0
2,0.11,2,2,0.52,2,0,0
3,0.49,2,4,0.05,1,0,0
3,0.36,4,0,0.5,3,0,0
2,0.46,1,2,0.38,4,0,0
6,0.15,7,3,0.08,2,0,0
1,0.37,2,1,0.16,3,0,0
2,0.36,5,1,0.41,1,0,0
2,0.15,5,2,0.48,0,0,0
2,0.28,5,2,0.51,2,1,0
3,0.31,1,1,0.33,2,0,0
2,0.24,5,1,0.32,1,0,0
3,0.41,5,0,0.41,0,0,0
1,0.42,2,2,0.47,2,0,0
1,0.43,4,1,0.1,2,0,0
0,0.4,5,1,0.44,3,0,0
6,0.24,6,1,0.21,2,0,0
2,0.19,3,1,0.23,2,0,0
6,0.42,3,2,0.05,1,0,1
2,0.25,4,0,0.35,1,0,0
1,0.12,1,2,0.06,5,0,0
1,0.25,2,0,0.55,5,0,0
0,0.07,10,3,0.37,1,0,0
2,0.35,5,1,0.59,1,0,0
2,0.17,3,0,0.15,3,1,0
5,0.13,3,0,0.41,5,1,0
1,0.48,2,1,0.58,3,0,0
1,0.39,3,3,0.18,2,0,0
2,0.39,2,3,0.06,6,0,0
2,0.31,5,1,0.38,1,1,0
2,0.42,2,1,0.22,1,0,0
0,0.38,5,3,0.16,2,0,0
3,0.3,3,3,0.6,0,0,0
3,0.48,2,2,0.45,3,0,0
3,0.1,4,0,0.29,0,0,0
1,0.47,3,2,0.03,2,1,1
3,0.2,4,1,0.11,5,0,0
1,0.26,3,1,0.18,2,0,0
2,0.06,2,2,0.29,1,0,0
2,0.27,5,2,0.3,6,1,0
1,0.31,2,1,0.01,3,0,0
5,0.5,1,1,0.57,4,0,0
1,0.49,4,1,0.33,0,0,0
2,0.48,2,3,0.01,3,0,0
1,0.17,5,2,0.42,3,0,0
4,0.5,3,0,0.04,2,0,0
2,0.23,4,0,0.43,4,0,0
1,0.43,2,3,0.42,1,0,0
1,0.11,1,3,0.59,3,1,0
1,0.25,3,1,0.21,4,1,0
3,0.48,3,2,0.09,4,0,0
1,0.47,5,0,0.06,2,0,0
1,0.34,5,2,0.04,2,0,0
3,0.4,1,0,0.49,2,0,0
3,0.09,2,0,0.43,0,0,0
2,0.36,6,1,0.59,0,0,0
0,0.31,1,2,0.19,2,0,0
1,0.05,3,1,0.48,0,0,0
2,0.06,3,2,0.06,0,1,0
1,0.05,4,0,0.54,2,0,0
0,0.36,4,2,0.03,0,0,0
0,0.07,5,0,0.47,5,0,0
0,0.23,2,1,0.18,1,0,0
2,0.18,1,2,0.11,0,0,0
0,0.28,1,2,0.42,4,0,0
0,0.35,3,2,0.54,1,0,0
5,0.34,4,0,0.46,5,0,0
3,0.26,5,2,0.19,0,0,0
1,0.23,6,0,0.21,2,0,0
0,0.2,5,4,0.11,1,0,0
2,0.43,2,1,0.49,3,1,1
0,0.17,4,3,0.06,2,1,0
1,0.13,3,3,0.54,0,0,0
1,0.37,3,0,0.36,1,0,0
2,0.18,4,3,0.35,5,0,0
2,0.42,1,1,0.5,3,0,0
3,0.16,1,1,0.4,6,0,0
2,0.35,6,3,0.18,2,0,0
2,0.02,1,1,0.21,2,0,0
2,0.19,2,4,0.1,1,0,0
0,0.17,2,1,0.28,1,0,0
2,0.41,2,1,0.07,1,1,1
0,0.48,4,0,0.39,3,0,0
0,0.23,6,1,0.1,2,1,0
4,0.41,5,0,0.52,3,0,0
2,0.35,2,1,0.42,2,0,0
3,0.48,3,0,0.53,4,0,0
4,0.41,4,2,0.05,2,0,0
4,0.04,2,0,0.48,0,0,0
1,0.36,4,2,0.53,2,0,0
3,0.27,1,1,0.03,3,0,0
1,0.01,0,1,0.6,1,0,0
3,0.13,3,1,0.18,5,0,0
1,0.46,4,5,0.13,2,1,1
2,0.46,1,2,0.25,1,0,0
3,0.4,5,1,0.01,3,0,0
1,0.49,2,3,0.53,1,1,1
4,0.4,1,4,0.16,0,0,0
2,0.01,2,3,0.31,2,0,0
0,0.14,4,1,0.37,3,0,0
1,0.02,2,2,0.47,6,0,0
0,0.05,0,2,0.15,2,0,0
1,0.11,1,0,0.43,1,0,0
4,0.25,2,1,0.07,1,0,0
2,0.42,5,1,0.42,3,0,0
2,0.43,3,0,0.55,2,0,0
1,0.31,4,2,0.05,2,0,0
1,0.46,2,2,0.07,4,0,0
4,0.25,3,2,0.33,3,0,0
4,0.44,1,2,0.03,1,0,0
1,0.23,0,1,0.11,1,0,0
4,0.14,0,1,0.11,6,0,0
0,0.46,3,2,0.29,1,0,0
2,0.19,1,2,0.15,1,0,0
0,0.25,4,1,0.29,1,0,0
2,0.16,1,1,0.31,0,0,0
1,0.33,4,4,0.44,3,0,0
3,0.5,2,1,0.57,1,0,0
3,0.01,1,2,0.3,2,0,0
0,0.45,1,2,0.21,0,0,0
2,0.0,3,3,0.16,1,0,0
0,0.18,1,3,0.38,1,0,0
2,0.08,4,1,0.57,4,0,0
1,0.38,3,1,0.46,0,0,0
3,0.03,5,1,0.12,0,0,0
2,0.28,1,0,0.54,3,0,0
1,0.15,5,1,0.44,1,1,0
2,0.07,3,3,0.08,3,0,0
3,0.39,5,2,0.43,2,0,0
3,0.11,2,0,0.17,1,0,0
0,0.11,6,1,0.29,1,0,0
1,0.14,2,2,0.18,0,1,0
4,0.29,3,1,0.05,0,0,0
3,0.33,2,1,0.46,1,0,0
1,0.01,5,1,0.5,2,0,0
0,0.12,2,2,0.14,2,0,0
4,0.22,3,5,0.14,2,0,0
1,0.17,4,3,0.26,1,1,0
3,0.44,5,3,0.49,3,0,0
1,0.39,1,2,0.05,3,0,0
2,0.31,4,0,0.49,0,0,0
4,0.17,3,3,0.55,2,0,0
1,0.35,7,0,0.34,3,0,0
4,0.42,3,3,0.04,3,0,0
2,0.3,4,3,0.16,0,0,0
3,0.39,3,1,0.07,4,0,0
4,0.37,6,1,0.16,3,0,0
5,0.29,3,3,0.49,3,0,0
1,0.16,1,2,0.03,3,0,0
2,0.37,2,1,0.17,3,0,0
3,0.1,3,1,0.31,2,1,0
0,0.39,1,1,0.52,2,0,0
1,0.4,4,1,0.15,3,0,0
2,0.41,2,1,0.47,2,0,0
0,0.24,2,2,0.35,1,1,0
2,0.1,4,1,0.41,3,0,0
4,0.05,2,0,0.52,3,0,0
3,0.37,2,1,0.02,2,0,0
2,0.44,3,2,0.32,2,0,0
4,0.33,1,1,0.45,1,0,0
3,0.07,0,1,0.53,0,0,0
0,0.47,7,1,0.08,6,1,1
2,0.49,4,0,0.2,3,1,1
5,0.22,5,1,0.05,6,0,0
1,0.3,3,3,0.5,1,0,0
2,0.39,3,1,0.51,3,0,0
2,0.37,0,2,0.29,3,0,0
2,0.48,1,3,0.01,2,0,0
1,0.06,1,2,0.06,1,0,0
2,0.29,6,0,0.37,0,0,0
0,0.35,4,1,0.59,2,0,0
0,0.45,2,0,0.5,1,0,0
0,0.44,3,0,0.48,1,1,1
2,0.49,4,0,0.25,1,0,0
5,0.26,4,3,0.59,1,0,0
3,0.42,1,2,0.49,4,1,1
4,0.21,3,1,0.2,2,0,0
1,0.21,3,4,0.45,6,0,0
2,0.13,6,2,0.26,0,0,0
3,0.41,1,1,0.4,3,1,1
2,0.49,2,1,0.58,2,0,0
3,0.13,3,0,0.15,0,1,0
5,0.03,2,2,0.48,2,0,0
3,0.41,5,2,0.35,1,0,0
1,0.31,3,2,0.57,1,0,0
2,0.48,1,4,0.08,1,0,0
1,0.13,3,0,0.43,1,0,0
2,0.04,2,3,0.02,1,0,0
1,0.25,3,1,0.15,1,1,0
2,0.04,2,1,0.19,4,0,0
1,0.13,4,2,0.26,4,0,0
3,0.06,2,1,0.58,0,0,0
3,0.11,2,2,0.04,2,0,0
3,0.05,5,2,0.1,1,1,0
0,0.48,3,2,0.12,0,0,0
0,0.14,1,0,0.25,3,0,0
1,0.22,4,2,0.04,1,0,0
1,0.45,3,2,0.58,1,0,0
4,0.34,3,2,0.34,5,0,0
1,0.31,1,3,0.49,0,0,0
2,0.35,3,2,0.46,3,0,0
1,0.41,5,0,0.4,5,0,0
2,0.44,2,3,0.54,2,0,0
0,0.32,0,1,0.54,2,0,0
4,0.45,3,0,0.08,2,1,1
2,0.27,4,1,0.54,2,0,0
0,0.14,3,3,0.31,2,0,0
2,0.44,3,2,0.16,1,0,0
3,0.27,5,1,0.37,4,1,0
2,0.45,2,1,0.17,3,0,0
2,0.02,2,1,0.29,1,0,0
2,0.2,2,1,0.49,1,0,0
0,0.47,3,0,0.02,2,0,0
0,0.12,2,2,0.11,2,0,0
1,0.47,4,0,0.57,1,1,1
3,0.48,3,2,0.27,1,0,0
4,0.44,1,0,0.18,4,0,0
2,0.28,3,0,0.55,3,0,0
2,0.32,5,4,0.55,2,0,0
2,0.43,5,1,0.03,0,0,0
0,0.39,3,1,0.22,3,0,0
0,0.32,4,1,0.55,3,0,0
0,0.49,5,2,0.11,2,1,1
0,0.34,3,0,0.35,4,0,0
1,0.49,3,0,0.19,1,0,0
2,0.03,0,1,0.44,3,0,0
3,0.07,4,0,0.09,4,0,0
6,0.23,3,2,0.36,4,0,0
3,0.19,3,1,0.0,3,0,0
2,0.39,1,3,0.15,0,0,0
2,0.08,1,3,0.1,2,0,0
0,0.49,3,0,0.13,2,0,0
1,0.16,3,3,0.52,2,0,0
2,0.21,1,2,0.55,2,0,0
1,0.14,5,1,0.45,2,0,0
1,0.29,3,0,0.35,3,0,0
0,0.03,2,2,0.14,1,1,0
0,0.07,2,1,0.16,2,1,0
3,0.37,6,1,0.19,2,0,0
1,0.09,3,1,0.47,2,1,0
1,0.12,1,2,0.15,5,0,0
4,0.4,3,1,0.58,2,0,0
3,0.05,0,3,0.48,1,0,0
2,0.22,3,4,0.6,2,0,0
5,0.01,3,4,0.28,1,0,0
2,0.17,3,2,0.35,1,0,0
1,0.35,1,0,0.17,3,0,0
4,0.05,5,2,0.36,3,0,0
4,0.44,10,2,0.58,1,0,0
4,0.45,0,2,0.02,4,0,0
3,0.05,3,3,0.17,2,1,0
1,0.5,5,1,0.17,3,1,1
3,0.15,4,4,0.59,1,1,0
0,0.04,5,4,0.08,2,0,0
0,0.0,5,1,0.49,3,0,0
4,0.2,0,3,0.16,0,0,0
5,0.31,3,1,0.52,2,0,0
2,0.17,2,0,0.29,1,0,0
1,0.42,4,3,0.15,2,0,0
1,0.36,1,1,0.43,0,0,0
1,0.18,1,3,0.5,3,0,0
3,0.37,0,1,0.28,5,0,0
0,0.47,4,1,0.43,5,0,0
2,0.05,4,1,0.11,1,0,0
0,0.15,2,0,0.56,3,1,0
2,0.23,1,1,0.06,5,0,0
0,0.25,1,1,0.13,1,0,0
5,0.27,2,2,0.17,0,1,0
2,0.15,3,1,0.09,4,0,0
2,0.33,0,2,0.24,0,0,0
7,0.32,5,4,0.27,3,1,1
1,0.29,3,1,0.31,3,0,0
3,0.06,3,2,0.02,1,0,0
0,0.24,1,1,0.13,1,0,0
1,0.18,1,1,0.48,1,0,0
2,0.25,0,0,0.49,1,0,0
1,0.46,4,3,0.2,2,0,0
2,0.24,3,1,0.28,4,0,0
0,0.01,2,3,0.11,2,0,0
1,0.22,2,1,0.49,3,0,0
0,0.41,4,1,0.57,2,0,0
4,0.39,4,1,0.17,2,0,0
2,0.26,0,2,0.47,2,1,0
1,0.12,0,2,0.21,1,0,0
0,0.23,6,1,0.0,2,0,0
8,0.28,6,1,0.36,1,0,0
1,0.5,3,2,0.25,1,0,0
3,0.32,0,1,0.46,2,0,0
2,0.35,5,3,0.45,2,0,0
1,0.25,5,0,0.57,2,0,0
1,0.18,3,0,0.26,0,0,0
4,0.41,6,0,0.29,1,0,0
1,0.25,2,0,0.24,2,0,0
1,0.5,4,1,0.18,2,0,0
2,0.23,3,0,0.38,3,1,0
2,0.03,0,1,0.5,5,0,0
0,0.34,4,1,0.09,5,0,0
2,0.02,4,3,0.59,2,0,0
1,0.13,1,1,0.41,1,0,0
3,0.18,2,5,0.47,3,0,0
1,0.37,5,1,0.6,4,0,0
2,0.25,6,1,0.3,7,0,0
6,0.01,3,1,0.04,4,0,0
3,0.31,4,2,0.47,0,0,0
0,0.21,3,3,0.52,0,1,0
2,0.46,2,1,0.1,2,0,0
4,0.25,2,1,0.01,4,0,0
0,0.35,3,0,0.08,1,1,0
3,0.11,0,1,0.19,1,1,0
2,0.38,2,0,0.55,1,0,0
3,0.36,4,1,0.0,4,0,0
2,0.45,1,1,0.48,0,0,0
3,0.02,4,0,0.51,2,0,0
1,0.22,4,1,0.49,1,0,0
3,0.34,3,3,0.05,2,1,0
1,0.05,5,4,0.41,3,0,0
5,0.21,5,2,0.57,7,0,0
0,0.47,3,0,0.07,5,0,0
6,0.22,2,1,0.02,2,0,0
3,0.49,4,2,0.52,0,0,0
2,0.03,1,1,0.39,2,0,0
3,0.36,4,1,0.39,1,0,0
1,0.29,3,1,0.58,2,1,0
3,0.25,3,2,0.46,4,0,0
1,0.49,3,0,0.24,1,0,0
2,0.06,4,0,0.26,4,0,0
2,0.45,4,3,0.09,3,0,0
1,0.35,4,1,0.18,3,1,0
2,0.13,0,1,0.27,0,0,0
2,0.45,2,2,0.16,0,0,0
2,0.21,4,0,0.55,1,0,0
5,0.41,5,0,0.01,6,0,0
1,0.19,8,3,0.35,0,0,0
0,0.43,4,1,0.46,3,0,0
4,0.32,2,0,0.44,2,0,0
4,0.07,3,3,0.39,2,0,0
3,0.32,4,2,0.25,1,0,0
4,0.1,1,2,0.55,2,0,0
2,0.21,2,1,0.2,2,0,0
0,0.09,5,2,0.45,2,0,0
0,0.01,4,4,0.56,0,0,0
3,0.11,5,0,0.08,0,0,0
4,0.27,3,2,0.57,1,0,0
2,0.24,3,0,0.47,2,0,0
0,0.25,3,2,0.37,0,0,0
0,0.12,5,3,0.22,1,1,0
1,0.34,5,0,0.54,2,0,0
1,0.35,6,2,0.03,5,0,0
2,0.18,4,1,0.26,4,0,0
0,0.44,3,2,0.45,2,1,1
0,0.32,6,1,0.49,3,0,0
1,0.36,1,2,0.12,2,0,0
2,0.14,3,0,0.03,3,0,0
1,0.0,1,1,0.48,1,0,0
4,0.43,2,2,0.25,2,0,0
2,0.41,3,2,0.09,0,0,0
3,0.06,1,1,0.05,2,0,0
2,0.19,5,2,0.38,0,1,0
3,0.33,2,0,0.35,3,0,0
0,0.33,3,2,0.51,3,1,0
4,0.43,1,1,0.02,2,0,0
2,0.07,3,2,0.52,5,0,0
2,0.21,2,1,0.53,5,0,0
1,0.05,2,3,0.27,3,0,0
2,0.19,4,1,0.05,2,0,0
1,0.01,2,1,0.57,3,1,0
1,0.45,5,0,0.04,2,0,0
0,0.26,2,1,0.35,1,0,0
3,0.42,3,1,0.3,3,0,0
5,0.03,2,5,0.5,1,1,0
2,0.11,2,1,0.3,3,0,0
1,0.13,2,0,0.28,2,0,0
0,0.19,2,1,0.53,3,0,0
1,0.4,6,0,0.58,2,0,0
2,0.19,2,5,0.33,2,0,0
0,0.1,4,3,0.27,2,0,0
2,0.03,2,6,0.5,6,0,0
1,0.04,0,1,0.5,3,0,0
1,0.38,6,1,0.19,4,0,0
5,0.22,2,2,0.35,2,1,0
0,0.36,2,1,0.09,2,0,0
2,0.34,1,2,0.38,1,1,0
0,0.07,3,3,0.5,0,0,0
0,0.07,5,0,0.11,3,0,0
0,0.38,3,1,0.19,0,0,0
3,0.36,1,1,0.27,2,0,0
4,0.19,0,2,0.51,6,0,0
4,0.04,1,0,0.44,4,0,0
1,0.01,3,1,0.19,3,0,0
2,0.14,3,1,0.15,2,0,0
2,0.0,3,1,0.42,6,0,0
1,0.12,1,3,0.29,4,0,0
3,0.21,4,1,0.36,5,0,0
3,0.06,1,2,0.39,1,0,0
2,0.05,2,0,0.34,1,0,0
1,0.45,7,0,0.37,2,0,0
3,0.29,0,0,0.53,2,0,0
0,0.47,1,3,0.52,2,0,0
3,0.17,1,1,0.09,1,0,0
2,0.34,3,1,0.35,1,0,0
1,0.1,3,1,0.26,3,0,0
3,0.31,2,1,0.17,3,0,0
3,0.06,4,0,0.38,2,0,0
2,0.0,3,1,0.31,1,1,0
3,0.47,1,1,0.46,3,0,0
2,0.28,2,1,0.06,1,0,0
1,0.46,3,2,0.18,0,0,0
3,0.17,3,1,0.02,2,0,0
1,0.16,4,1,0.45,2,0,0
2,0.2,5,4,0.55,3,0,0
2,0.35,3,2,0.35,2,0,0
4,0.28,4,0,0.37,2,0,0
1,0.46,2,0,0.03,3,0,0
1,0.01,5,1,0.3,2,0,0
2,0.35,1,2,0.32,2,0,0
3,0.17,4,2,0.02,0,0,0
1,0.09,2,1,0.47,1,0,0
1,0.26,4,0,0.17,1,0,0
2,0.25,2,3,0.43,0,0,0
1,0.07,4,1,0.24,4,0,0
2,0.1,2,2,0.6,1,0,0
2,0.2,2,1,0.13,3,0,0
1,0.2,5,0,0.03,2,0,0
1,0.16,1,2,0.59,2,0,0
2,0.07,3,0,0.15,4,0,0
1,0.0,5,1,0.38,1,0,0
2,0.49,2,0,0.22,2,0,0
2,0.47,4,1,0.38,2,0,0
3,0.24,2,1,0.36,2,0,0
3,0.5,2,3,0.42,1,0,0
2,0.34,1,0,0.01,1,0,0
4,0.03,6,2,0.5,2,0,0
4,0.06,2,0,0.29,4,0,0
1,0.46,3,1,0.31,3,0,0
3,0.32,4,2,0.25,2,1,0
1,0.42,3,3,0.59,0,0,0
0,0.45,3,0,0.48,1,1,1
3,0.22,3,1,0.19,5,0,0
3,0.02,4,2,0.47,1,0,0
0,0.09,4,1,0.26,0,0,0
0,0.03,3,2,0.52,0,0,0
4,0.09,6,2,0.02,6,0,0
1,0.21,3,2,0.21,3,0,0
4,0.06,2,4,0.26,2,0,0
2,0.08,2,1,0.45,0,0,0
2,0.22,2,2,0.11,1,0,0
3,0.17,5,1,0.17,1,0,0
2,0.23,5,2,0.43,2,0,0
2,0.21,1,1,0.05,3,0,0
0,0.32,1,1,0.12,0,0,0
3,0.47,1,1,0.45,2,0,0
2,0.05,5,2,0.53,4,0,0
2,0.05,3,3,0.44,3,0,0
1,0.43,4,2,0.32,0,0,0
1,0.25,1,2,0.06,2,0,0
1,0.38,3,3,0.5,4,0,0
3,0.11,4,0,0.07,1,0,0
1,0.41,0,4,0.23,0,1,1
4,0.46,4,2,0.03,0,0,0
2,0.32,3,6,0.43,1,0,0
1,0.05,4,2,0.3,3,0,0
1,0.45,3,0,0.54,1,0,0
3,0.4,1,1,0.08,3,0,0
2,0.38,2,0,0.49,3,1,1
0,0.02,3,0,0.31,0,0,0
3,0.4,1,1,0.22,1,1,1
1,0.07,2,2,0.39,1,1,0
0,0.11,4,0,0.47,2,1,0
6,0.29,5,1,0.26,1,0,0
1,0.13,3,1,0.14,0,0,0
4,0.33,1,1,0.55,2,0,0
3,0.3,5,0,0.19,4,0,0
3,0.05,4,1,0.6,3,0,0
3,0.33,5,0,0.46,3,0,0
3,0.46,3,1,0.41,2,0,0
1,0.08,4,0,0.01,3,0,0
0,0.3,3,2,0.27,3,0,0
1,0.17,2,1,0.3,2,1,0
1,0.23,1,3,0.23,1,0,0
0,0.14,2,1,0.09,1,0,0
1,0.18,2,1,0.22,2,0,0
3,0.01,2,1,0.04,1,0,0
0,0.49,5,3,0.17,3,0,0
0,0.31,4,2,0.05,2,0,0
2,0.25,3,1,0.45,2,0,0
1,0.19,3,1,0.4,2,1,0
4,0.27,2,1,0.56,2,1,0
0,0.19,2,0,0.23,1,0,0
2,0.18,3,3,0.47,0,0,0
4,0.23,0,1,0.35,0,0,0
2,0.14,2,2,0.39,1,0,0
4,0.09,3,2,0.33,2,0,0
1,0.28,4,1,0.47,3,0,0
2,0.42,4,2,0.03,1,0,0
0,0.08,1,3,0.05,1,0,0
2,0.02,1,1,0.06,1,0,0
2,0.12,3,0,0.17,2,0,0
4,0.49,2,1,0.35,3,1,1
1,0.41,3,0,0.39,1,0,0
5,0.3,7,2,0.43,2,0,0
1,0.46,3,0,0.17,4,1,1
0,0.22,0,0,0.39,1,0,0
3,0.49,2,0,0.07,2,0,0
1,0.15,6,0,0.01,2,0,0
3,0.12,4,1,0.42,3,0,0
4,0.32,1,3,0.43,2,0,0
0,0.19,1,2,0.37,0,0,0
1,0.31,1,1,0.16,1,0,0
2,0.15,2,1,0.56,0,0,0
1,0.31,5,2,0.53,3,1,0
4,0.14,2,1,0.31,0,0,0
1,0.03,2,3,0.59,5,0,0
4,0.46,4,2,0.18,1,0,0
0,0.44,3,1,0.29,1,1,1
0,0.49,1,1,0.56,3,0,0
2,0.36,2,2,0.28,2,0,0
4,0.34,5,1,0.28,2,0,0
4,0.28,5,4,0.05,4,1,0
1,0.06,5,2,0.13,2,0,0
3,0.09,2,4,0.09,1,1,0
1,0.14,2,0,0.34,2,0,0
1,0.45,5,1,0.19,4,0,0
1,0.09,4,0,0.05,3,0,0
2,0.46,5,4,0.31,0,0,0
3,0.26,3,1,0.4,2,0,0
3,0.36,2,1,0.44,2,0,0
0,0.06,1,1,0.5,2,1,0
0,0.13,2,0,0.29,1,0,0
0,0.48,5,2,0.23,0,1,1
1,0.13,2,0,0.41,2,0,0
2,0.15,1,1,0.01,4,1,0
3,0.1,4,1,0.38,3,0,0
2,0.06,6,3,0.24,2,0,0
3,0.12,6,0,0.27,1,0,0
3,0.32,4,4,0.18,3,0,0
4,0.23,4,3,0.08,2,0,0
2,0.28,3,3,0.24,2,0,0
1,0.06,2,2,0.18,4,0,0
2,0.4,1,0,0.58,1,0,0
2,0.39,2,0,0.57,0,0,0
2,0.01,2,4,0.39,3,0,0
1,0.19,2,2,0.54,1,0,0
1,0.03,5,1,0.45,2,0,0
0,0.4,2,0,0.21,2,0,0
0,0.37,4,2,0.36,2,0,0
2,0.45,5,1,0.13,2,0,0
1,0.12,1,0,0.41,3,0,0
7,0.23,2,0,0.03,1,0,0
1,0.09,5,8,0.5,0,0,0
1,0.19,1,1,0.35,3,1,0
1,0.26,6,3,0.04,1,0,0
2,0.03,1,0,0.52,2,0,0
4,0.36,2,2,0.53,2,0,0
2,0.27,8,2,0.51,2,0,0
1,0.41,6,1,0.46,2,0,0
1,0.14,1,5,0.41,1,0,0
1,0.45,1,3,0.24,4,0,0
0,0.5,5,1,0.08,2,0,0
4,0.46,4,1,0.17,2,0,0
1,0.39,4,1,0.21,1,0,0
3,0.41,1,1,0.21,3,0,0
3,0.29,1,5,0.34,5,0,0
3,0.1,4,1,0.13,1,0,0
2,0.34,4,1,0.11,0,0,0
2,0.36,0,3,0.43,2,0,0
3,0.49,2,2,0.0,2,1,1
2,0.27,0,4,0.09,3,0,0
0,0.14,3,4,0.26,0,0,0
3,0.34,2,2,0.09,0,0,0
2,0.49,2,3,0.58,4,0,0
4,0.09,2,0,0.4,2,0,0
2,0.16,5,1,0.26,1,0,0
1,0.27,6,1,0.07,0,0,0
3,0.09,2,0,0.23,2,0,0
2,0.01,5,1,0.39,2,0,0
2,0.17,5,0,0.58,4,0,0
0,0.43,6,0,0.28,3,0,0
0,0.02,3,3,0.42,2,1,0
4,0.21,1,1,0.12,2,0,0
1,0.38,3,2,0.37,1,0,0
2,0.48,0,1,0.14,0,0,0
1,0.49,4,5,0.12,3,0,0
1,0.21,3,1,0.31,3,1,0
1,0.48,5,1,0.13,3,1,1
2,0.02,1,1,0.43,1,0,0
3,0.37,1,3,0.56,3,0,0
2,0.32,3,2,0.24,2,1,0
1,0.12,2,1,0.19,3,0,0
1,0.25,2,1,0.11,1,0,0
2,0.06,1,3,0.23,1,0,0
1,0.44,4,1,0.34,2,0,0
3,0.18,2,0,0.22,2,0,0
2,0.31,5,1,0.37,2,0,0
1,0.08,5,3,0.4,5,0,0
3,0.1,2,0,0.06,6,0,0
3,0.5,3,0,0.42,0,1,1
4,0.38,4,2,0.54,2,0,0
0,0.48,4,3,0.02,2,0,0
4,0.15,3,2,0.33,3,0,0
2,0.08,4,4,0.36,3,0,0
2,0.25,4,2,0.43,1,0,0
0,0.25,9,1,0.23,2,0,0
1,0.09,5,3,0.49,1,0,0
4,0.37,2,1,0.32,1,0,0
2,0.18,2,1,0.25,3,0,0
3,0.09,1,1,0.43,2,0,0
2,0.17,3,3,0.56,1,0,0
7,0.28,2,3,0.49,0,0,0
2,0.36,5,1,0.56,1,0,0
3,0.24,5,0,0.16,1,0,0
0,0.26,1,2,0.07,3,0,0
2,0.07,4,2,0.32,1,0,0
3,0.46,2,1,0.03,2,0,0
3,0.46,4,0,0.4,3,0,0
3,0.34,2,4,0.14,0,0,0
3,0.01,6,1,0.27,2,0,0
1,0.27,2,0,0.39,0,1,0
2,0.31,4,2,0.29,0,0,0
2,0.5,5,2,0.14,3,0,0
1,0.5,5,0,0.53,3,0,0
1,0.43,1,3,0.46,1,0,0
3,0.03,2,2,0.36,1,0,0
4,0.48,0,3,0.42,3,0,0
1,0.31,8,0,0.25,5,0,0
0,0.4,6,1,0.23,1,0,0
2,0.2,1,1,0.1,1,0,0
1,0.16,4,2,0.48,2,0,0
2,0.23,1,1,0.23,2,1,0
3,0.07,2,5,0.42,2,0,0
2,0.18,5,1,0.18,0,1,0
0,0.43,3,0,0.48,1,0,0
1,0.02,1,1,0.06,1,0,0
1,0.08,4,6,0.38,1,0,0
0,0.06,3,2,0.48,2,0,0
4,0.2,2,6,0.4,2,0,0
1,0.5,3,3,0.42,1,0,0
2,0.09,3,0,0.32,4,1,0
0,0.07,1,2,0.34,5,0,0
4,0.46,1,0,0.04,0,0,0
0,0.44,4,0,0.15,1,0,0
1,0.02,5,2,0.43,2,0,0
2,0.38,6,3,0.57,2,0,0
3,0.33,1,3,0.33,1,0,0
1,0.38,3,3,0.44,2,0,0
2,0.25,3,1,0.41,2,0,0
4,0.5,1,1,0.6,1,0,0
6,0.02,4,2,0.48,0,0,0
0,0.12,1,1,0.38,1,0,0
1,0.2,3,2,0.07,2,0,0
1,0.22,3,2,0.22,1,1,0
2,0.46,7,0,0.15,2,1,1
0,0.28,5,0,0.51,2,0,0
3,0.02,2,0,0.27,1,0,0
5,0.2,7,1,0.32,1,1,0
1,0.21,5,0,0.58,2,0,0
4,0.48,5,0,0.5,1,1,1
2,0.3,1,0,0.47,3,0,0
2,0.32,5,1,0.09,3,1,0
3,0.36,3,0,0.01,3,0,0
2,0.39,4,5,0.08,4,0,0
4,0.32,2,3,0.44,3,0,0
2,0.12,1,1,0.25,5,0,0
7,0.44,6,3,0.07,2,0,1
1,0.37,2,1,0.44,1,0,0
2,0.37,3,2,0.12,6,0,0
3,0.5,3,1,0.35,0,1,1
1,0.4,1,4,0.44,2,0,0
1,0.41,1,0,0.36,7,0,0
3,0.48,3,1,0.6,4,0,0
2,0.08,2,1,0.26,5,0,0
1,0.25,3,2,0.19,1,0,0
4,0.29,2,3,0.12,2,0,0
2,0.16,5,0,0.3,0,0,0
1,0.42,3,3,0.51,1,0,0
2,0.38,2,3,0.57,2,0,0
3,0.36,2,2,0.58,2,0,0
1,0.5,6,2,0.32,3,0,0
0,0.13,5,2,0.36,0,0,0
1,0.37,4,2,0.35,0,0,0
0,0.28,5,2,0.28,4,1,0
1,0.16,4,0,0.09,2,1,0
2,0.08,5,0,0.04,2,0,0
1,0.45,3,0,0.26,3,0,0
4,0.3,2,1,0.11,2,0,0
1,0.41,1,1,0.53,1,0,0
2,0.27,3,1,0.46,5,0,0
0,0.11,4,0,0.37,2,0,0
0,0.17,3,1,0.03,1,0,0
5,0.19,4,2,0.37,5,0,0
0,0.49,3,0,0.37,0,0,0
0,0.0,2,2,0.26,3,1,0
1,0.49,3,4,0.39,0,0,0
0,0.49,3,2,0.51,1,0,0
1,0.5,2,0,0.45,7,1,1
1,0.24,4,2,0.28,1,0,0
3,0.48,3,1,0.16,3,1,1
1,0.2,1,5,0.29,2,0,0
1,0.01,0,1,0.57,1,0,0
3,0.11,3,2,0.49,3,0,0
2,0.47,4,0,0.02,2,0,0
3,0.01,4,1,0.47,0,0,0
1,0.27,1,1,0.1,3,0,0
0,0.04,4,2,0.34,2,0,0
0,0.14,1,3,0.48,2,0,0
1,0.04,7,2,0.34,5,0,0
6,0.43,0,3,0.24,3,1,1
0,0.3,3,3,0.19,1,0,0
5,0.45,6,0,0.18,4,0,0
1,0.34,4,2,0.5,2,1,0
3,0.49,7,2,0.5,3,0,0
3,0.25,4,2,0.49,1,0,0
2,0.32,3,0,0.17,1,0,0
2,0.29,0,1,0.48,1,0,0
2,0.24,3,1,0.02,1,0,0
2,0.42,1,0,0.12,2,0,0
4,0.32,5,0,0.31,2,0,0
2,0.4,2,1,0.24,3,0,0
1,0.39,3,0,0.07,2,0,0
2,0.1,5,2,0.03,1,0,0
3,0.33,4,1,0.37,2,0,0
3,0.1,2,2,0.19,2,0,0
1,0.29,2,3,0.01,3,0,0
3,0.34,2,1,0.26,2,0,0
3,0.5,2,2,0.18,4,0,0
1,0.02,2,3,0.35,3,1,0
1,0.05,3,2,0.56,2,0,0
0,0.04,2,2,0.18,2,0,0
1,0.2,2,4,0.6,2,0,0
2,0.41,4,1,0.05,3,0,0
4,0.42,2,0,0.05,0,0,0
3,0.37,2,4,0.43,3,0,0
1,0.45,0,2,0.45,4,1,1
3,0.16,2,2,0.25,1,0,0
4,0.04,7,3,0.17,1,0,0
2,0.03,2,0,0.48,4,0,0
3,0.43,1,2,0.57,0,1,1
1,0.37,3,2,0.59,1,0,0
0,0.35,2,2,0.38,1,0,0
1,0.17,6,2,0.44,1,1,0
1,0.19,1,5,0.49,0,0,0
3,0.48,2,1,0.48,4,0,0
1,0.03,3,4,0.6,3,0,0
4,0.39,3,2,0.49,1,0,0
4,0.15,2,2,0.4,2,0,0
1,0.02,3,4,0.23,0,0,0
1,0.37,4,0,0.36,2,0,0
1,0.17,3,1,0.53,0,0,0
3,0.36,1,1,0.18,6,0,0
3,0.35,4,1,0.02,2,0,0
2,0.27,4,0,0.2,1,0,0
2,0.39,4,2,0.58,0,0,0
4,0.29,2,2,0.48,0,0,0
1,0.14,6,5,0.11,1,1,0
2,0.37,3,2,0.01,1,0,0
2,0.29,0,2,0.4,2,0,0
2,0.01,4,1,0.35,1,0,0
3,0.45,2,1,0.05,3,0,0
2,0.27,1,1,0.58,1,0,0
1,0.43,0,1,0.37,3,0,0
3,0.44,2,1,0.39,0,0,0
2,0.22,3,0,0.51,3,0,0
2,0.25,1,2,0.2,1,0,0
4,0.21,1,1,0.33,3,0,0
0,0.22,4,3,0.35,3,0,0
5,0.45,2,4,0.58,3,1,1
1,0.39,0,1,0.08,2,0,0
1,0.06,3,1,0.46,1,0,0
2,0.31,4,0,0.35,3,0,0
1,0.5,1,4,0.51,2,0,0
1,0.3,2,1,0.5,6,0,0
0,0.39,4,2,0.01,2,1,1
1,0.38,0,1,0.15,3,0,0
1,0.18,5,1,0.11,4,0,0
1,0.19,4,1,0.28,3,1,0
1,0.36,1,1,0.54,0,0,0
0,0.25,3,1,0.0,5,0,0
3,0.29,3,0,0.29,2,0,0
1,0.36,2,0,0.53,2,0,0
2,0.39,1,2,0.56,3,1,1
1,0.14,2,2,0.39,0,0,0
1,0.07,1,4,0.5,1,0,0
1,0.15,3,1,0.19,1,0,0
1,0.25,5,0,0.17,2,0,0
4,0.17,4,2,0.03,3,0,0
5,0.28,6,1,0.3,3,0,0
1,0.03,2,1,0.27,1,0,0
0,0.25,2,3,0.22,5,0,0
3,0.18,1,4,0.07,1,0,0
4,0.27,2,1,0.14,3,0,0
4,0.21,3,3,0.12,1,1,0
4,0.14,4,2,0.57,3,0,0
3,0.45,3,3,0.58,4,0,0
2,0.09,5,5,0.0,1,0,0
0,0.34,2,0,0.1,3,1,0
3,0.46,3,2,0.53,0,0,0
3,0.27,0,2,0.02,0,1,0
2,0.44,3,0,0.57,2,0,0
1,0.06,2,2,0.23,0,0,0
2,0.25,2,4,0.32,0,1,0
1,0.23,4,2,0.46,2,0,0
0,0.0,4,0,0.15,1,1,0
4,0.22,2,1,0.06,0,0,0
1,0.18,3,3,0.49,1,0,0
4,0.33,6,3,0.59,0,0,0
2,0.47,0,2,0.4,3,0,0
1,0.04,2,1,0.5,1,0,0
3,0.16,0,2,0.56,0,0,0
2,0.22,4,2,0.14,2,0,0
1,0.23,1,0,0.21,2,0,0
0,0.39,1,1,0.13,1,0,0
0,0.22,4,1,0.04,4,0,0
4,0.01,1,0,0.44,3,1,0
4,0.36,2,3,0.09,4,0,0
3,0.44,1,2,0.06,0,1,1
1,0.26,6,1,0.21,2,0,0
1,0.29,8,0,0.04,2,0,0
4,0.08,4,2,0.11,1,1,0
1,0.11,2,0,0.04,1,0,0
3,0.12,1,0,0.53,1,0,0
1,0.22,3,1,0.47,3,0,0
3,0.46,2,1,0.52,1,0,0
2,0.26,3,4,0.52,0,0,0
2,0.1,5,1,0.57,3,0,0
3,0.13,2,1,0.11,1,0,0
3,0.19,2,0,0.54,1,0,0
2,0.31,7,1,0.32,4,0,0
1,0.22,5,1,0.1,5,0,0
1,0.2,5,2,0.39,3,0,0
2,0.28,3,1,0.2,3,0,0
2,0.12,2,4,0.03,1,1,0
3,0.04,3,1,0.05,0,0,0
0,0.01,4,0,0.25,4,0,0
4,0.13,4,2,0.5,0,0,0
3,0.05,1,1,0.19,6,0,0
0,0.17,2,2,0.46,1,0,0
2,0.39,5,1,0.03,2,1,1
0,0.36,1,0,0.24,1,0,0
2,0.31,4,5,0.08,3,0,0
1,0.43,4,1,0.52,2,0,0
4,0.14,3,6,0.58,2,0,0
1,0.44,5,3,0.2,2,0,0
0,0.2,3,2,0.59,0,1,0
2,0.2,6,1,0.45,2,0,0
2,0.2,2,2,0.0,1,1,0
1,0.05,4,1,0.29,4,0,0
2,0.49,4,0,0.5,2,0,0
3,0.07,4,2,0.32,2,1,0
2,0.17,3,3,0.33,0,0,0
1,0.16,0,2,0.27,2,0,0
0,0.04,0,0,0.24,0,0,0
2,0.08,3,0,0.02,0,0,0
2,0.02,1,2,0.37,2,1,0
1,0.15,6,2,0.46,3,1,0
3,0.43,4,3,0.47,3,0,0
1,0.17,6,0,0.37,1,0,0
4,0.06,1,2,0.2,3,0,0
3,0.32,5,1,0.01,2,0,0
4,0.5,4,1,0.54,1,0,0
3,0.12,4,2,0.26,1,0,0
0,0.14,2,1,0.36,5,0,0
3,0.49,2,1,0.12,1,0,0
1,0.09,4,3,0.09,4,0,0
0,0.26,3,0,0.05,3,1,0
2,0.12,6,2,0.48,2,0,0
3,0.47,2,1,0.39,3,0,0
3,0.49,5,2,0.37,1,0,0
0,0.41,2,2,0.55,1,0,0
0,0.16,1,2,0.1,4,0,0
3,0.2,2,4,0.1,2,0,0
2,0.12,5,3,0.11,4,0,0
5,0.45,3,1,0.25,6,0,0
3,0.46,9,1,0.52,2,0,0
1,0.21,1,3,0.53,3,0,0
1,0.33,3,2,0.35,1,0,0
1,0.08,4,1,0.39,1,0,0
2,0.22,1,2,0.54,2,0,0
0,0.32,3,2,0.37,3,0,0
4,0.19,2,0,0.14,2,0,0
0,0.18,1,1,0.42,0,0,0
2,0.0,3,5,0.46,0,0,0
2,0.4,4,0,0.38,3,1,1
1,0.44,2,1,0.16,1,0,0
1,0.48,1,1,0.24,0,0,0
3,0.36,2,1,0.28,5,0,0
2,0.27,5,4,0.09,2,0,0
5,0.13,2,3,0.27,2,0,0
1,0.5,2,4,0.1,0,1,1
4,0.29,0,1,0.3,3,0,0
2,0.34,1,4,0.03,1,0,0
2,0.34,1,2,0.57,3,1,0
2,0.42,0,2,0.15,3,0,0
4,0.0,4,3,0.28,2,0,0
0,0.11,1,1,0.02,0,1,0
1,0.33,6,1,0.12,2,0,0
1,0.45,1,2,0.42,4,0,0
3,0.34,2,1,0.07,0,0,0
1,0.21,3,0,0.38,2,0,0
1,0.18,4,2,0.0,3,0,0
3,0.37,0,2,0.28,1,0,0
2,0.37,5,2,0.43,1,0,0
6,0.3,6,5,0.56,1,0,0
4,0.15,1,2,0.3,1,0,0
1,0.46,2,3,0.5,2,0,0
1,0.28,1,1,0.48,1,0,0
1,0.4,4,4,0.18,0,0,0
2,0.11,4,2,0.52,2,0,0
2,0.17,4,3,0.38,2,0,0
7,0.44,4,1,0.06,4,0,1
3,0.03,7,3,0.56,1,0,0
1,0.26,4,5,0.11,2,0,0
1,0.24,3,1,0.28,1,0,0
1,0.38,8,3,0.28,3,0,0
1,0.14,5,0,0.38,3,0,0
2,0.11,4,0,0.4,1,0,0
2,0.46,6,2,0.14,3,0,0
1,0.29,3,2,0.21,2,0,0
3,0.05,3,1,0.09,1,0,0
1,0.1,1,2,0.08,2,0,0
0,0.5,3,2,0.5,0,0,0
2,0.1,3,3,0.45,1,0,0
5,0.31,4,1,0.27,1,0,0
2,0.21,1,1,0.06,3,0,0
2,0.44,4,3,0.27,1,0,0
1,0.38,2,1,0.18,3,0,0
3,0.3,2,2,0.47,0,0,0
1,0.01,5,0,0.06,1,0,0
1,0.44,1,5,0.27,1,0,0
2,0.22,1,1,0.35,1,0,0
3,0.47,0,2,0.59,3,0,0
1,0.25,2,0,0.05,1,0,0
4,0.35,5,1,0.07,4,0,0
3,0.03,2,2,0.59,2,0,0
3,0.37,2,1,0.24,2,0,0
2,0.17,1,2,0.45,2,0,0
4,0.18,2,3,0.47,1,1,0
3,0.06,2,4,0.19,2,0,0
2,0.07,4,2,0.13,1,0,0
3,0.09,3,2,0.17,4,0,0
2,0.16,1,1,0.46,3,0,0
1,0.45,1,4,0.5,4,0,0
2,0.18,2,1,0.42,8,1,0
4,0.36,6,1,0.26,2,0,0
3,0.04,5,0,0.16,1,0,0
5,0.3,1,1,0.26,2,0,0
2,0.24,1,2,0.55,2,0,0
0,0.49,4,4,0.52,2,1,1
1,0.42,2,0,0.19,3,1,1
1,0.23,1,3,0.2,2,0,0
0,0.39,2,2,0.47,1,0,0
0,0.1,4,3,0.26,1,0,0
4,0.28,0,1,0.34,2,0,0
2,0.04,4,0,0.25,0,0,0
4,0.17,1,4,0.15,4,0,0
1,0.11,3,1,0.11,3,0,0
1,0.36,6,0,0.08,6,0,0
1,0.25,6,2,0.01,1,0,0
6,0.38,3,1,0.17,3,1,1
2,0.26,4,2,0.1,2,0,0
2,0.04,4,0,0.15,2,0,0
3,0.37,4,0,0.05,5,0,0
6,0.42,2,1,0.2,1,1,1
4,0.45,7,2,0.31,1,0,0
2,0.29,2,3,0.57,2,1,0
1,0.38,4,2,0.21,2,1,1
2,0.38,2,0,0.02,1,0,0
2,0.08,5,0,0.22,2,0,0
1,0.08,2,1,0.49,0,0,0
0,0.04,4,1,0.2,1,0,0
0,0.16,3,2,0.18,0,0,0
1,0.24,2,0,0.55,2,0,0
2,0.5,4,2,0.18,1,0,0
4,0.22,3,1,0.58,2,0,0
0,0.36,0,4,0.5,1,0,0
4,0.35,3,4,0.41,2,0,0
5,0.1,4,2,0.36,4,0,0
2,0.03,4,1,0.13,1,0,0
1,0.27,2,0,0.44,2,0,0
2,0.35,4,0,0.21,0,0,0
1,0.5,6,1,0.29,2,0,0
1,0.18,4,3,0.06,1,0,0
2,0.45,2,2,0.18,3,0,0
0,0.19,5,4,0.32,2,0,0
0,0.34,3,2,0.28,0,0,0
3,0.3,4,1,0.21,1,0,0
2,0.03,3,4,0.28,0,0,0
2,0.04,4,4,0.45,2,0,0
0,0.01,1,0,0.28,1,0,0
1,0.19,5,3,0.3,3,0,0
0,0.37,8,0,0.42,4,0,0
1,0.09,2,0,0.5,4,0,0
0,0.3,4,4,0.32,3,1,0
2,0.14,4,2,0.57,4,0,0
3,0.4,4,1,0.21,0,0,0
2,0.4,4,0,0.15,3,1,1
5,0.39,3,4,0.42,0,0,0
4,0.26,4,1,0.11,3,0,0
2,0.14,3,2,0.54,2,0,0
1,0.4,2,1,0.23,3,0,0
2,0.09,1,0,0.42,3,0,0
1,0.14,0,0,0.34,3,0,0
2,0.09,2,2,0.03,2,1,0
3,0.34,4,1,0.43,1,0,0
2,0.34,1,0,0.47,1,0,0
0,0.33,1,0,0.59,3,0,0
3,0.21,1,0,0.25,1,0,0
7,0.05,3,1,0.3,0,1,1
2,0.46,1,0,0.52,0,0,0
2,0.25,5,0,0.16,2,0,0
2,0.2,1,1,0.11,4,0,0
2,0.29,2,0,0.08,1,1,0
2,0.1,4,0,0.59,2,0,0
1,0.07,0,3,0.16,2,1,0
1,0.2,5,1,0.45,3,0,0
3,0.11,2,1,0.27,2,0,0
3,0.12,2,2,0.14,4,0,0
2,0.45,6,2,0.55,3,0,0
2,0.27,4,2,0.28,2,1,0
2,0.24,3,3,0.34,2,0,0
0,0.34,1,4,0.13,2,0,0
3,0.48,3,0,0.19,0,0,0
2,0.06,2,1,0.45,0,0,0
2,0.42,5,2,0.21,6,0,0
1,0.29,1,0,0.3,3,0,0
3,0.07,3,1,0.07,3,0,0
5,0.15,4,3,0.51,1,0,0
0,0.24,3,0,0.44,3,1,0
0,0.35,3,1,0.46,1,0,0
1,0.12,2,3,0.11,1,0,0
2,0.27,3,1,0.3,2,0,0
2,0.34,6,1,0.02,4,0,0
1,0.22,3,1,0.19,3,0,0
5,0.43,3,2,0.21,0,0,0
0,0.43,6,0,0.55,2,0,0
1,0.24,6,0,0.6,1,0,0
2,0.49,3,0,0.37,3,0,0
2,0.04,3,2,0.31,2,1,0
3,0.0,4,0,0.26,0,0,0
0,0.19,4,1,0.01,1,0,0
2,0.3,2,3,0.48,1,0,0
0,0.31,0,0,0.4,1,0,0
1,0.24,1,2,0.39,1,0,0
4,0.06,5,0,0.49,1,0,0
6,0.09,1,3,0.56,3,0,0
0,0.43,5,0,0.23,2,0,0
3,0.43,3,0,0.26,3,0,0
0,0.34,4,1,0.59,4,0,0
0,0.33,2,2,0.4,3,1,0
1,0.3,4,1,0.51,1,0,0
4,0.1,8,1,0.13,1,0,0
3,0.21,0,5,0.19,5,0,0
0,0.35,5,3,0.23,0,0,0
0,0.27,0,2,0.19,1,0,0
0,0.01,4,5,0.53,4,0,0
2,0.48,2,1,0.31,2,0,0
4,0.42,5,0,0.57,4,0,0
2,0.13,1,1,0.19,2,0,0
3,0.31,1,2,0.02,3,1,0
0,0.46,2,1,0.08,2,0,0
3,0.05,4,0,0.13,2,0,0
5,0.25,1,0,0.38,1,0,0
2,0.23,2,0,0.11,2,0,0
4,0.21,5,0,0.23,2,0,0
2,0.42,5,1,0.48,3,0,0
3,0.19,4,1,0.07,1,0,0
1,0.03,1,1,0.05,1,0,0
1,0.03,3,1,0.32,2,0,0
1,0.02,4,2,0.42,4,0,0
5,0.2,2,2,0.55,2,0,0
2,0.36,2,2,0.4,2,0,0
3,0.1,2,1,0.57,2,0,0
0,0.32,2,1,0.15,4,0,0
1,0.34,2,0,0.21,7,0,0
3,0.13,4,1,0.5,0,0,0
2,0.3,1,1,0.49,1,0,0
1,0.34,2,1,0.4,2,0,0
1,0.23,5,2,0.3,1,0,0
1,0.17,5,1,0.01,1,0,0
1,0.31,3,1,0.17,0,0,0
1,0.49,1,1,0.1,6,0,0
2,0.21,3,3,0.03,1,0,0
2,0.2,2,0,0.47,1,0,0
0,0.23,1,1,0.08,1,1,0
1,0.04,3,1,0.21,2,0,0
1,0.28,7,3,0.59,2,0,0
4,0.16,3,0,0.25,3,1,0
1,0.06,3,2,0.08,1,0,0
1,0.23,5,3,0.41,1,0,0
0,0.0,3,4,0.49,1,0,0
0,0.2,1,2,0.17,0,1,0
1,0.05,5,4,0.49,0,0,0
4,0.01,2,5,0.16,1,0,0
1,0.41,1,1,0.42,1,0,0
1,0.46,4,1,0.07,3,0,0
1,0.1,3,0,0.26,2,0,0
1,0.27,2,3,0.31,3,1,0
1,0.14,4,3,0.44,2,0,0
0,0.25,0,3,0.39,4,0,0
1,0.22,2,0,0.51,0,0,0
1,0.13,3,0,0.11,3,0,0
3,0.35,3,1,0.4,1,0,0
5,0.06,2,2,0.08,4,0,0
7,0.03,3,0,0.29,0,0,0
5,0.38,3,1,0.31,2,0,0
0,0.33,3,2,0.02,2,0,0
3,0.25,2,1,0.04,2,0,0
4,0.23,1,1,0.5,2,0,0
1,0.25,6,1,0.17,2,0,0
1,0.22,3,2,0.21,1,0,0
4,0.2,1,1,0.38,3,0,0
1,0.25,3,0,0.13,3,1,0
0,0.26,5,0,0.12,2,1,0
1,0.35,0,1,0.25,1,0,0
2,0.36,3,4,0.04,1,0,0
0,0.19,5,1,0.55,2,0,0
3,0.21,2,1,0.56,4,0,0
2,0.19,5,2,0.27,1,1,0
5,0.27,5,3,0.13,4,0,0
3,0.23,1,1,0.28,0,0,0
3,0.44,3,2,0.06,2,0,0
1,0.35,3,2,0.24,3,0,0
2,0.45,2,0,0.04,0,0,0
4,0.35,7,1,0.42,2,0,0
2,0.49,7,0,0.17,1,0,0
1,0.32,2,0,0.31,3,0,0
2,0.48,1,0,0.01,5,1,1
5,0.08,3,2,0.31,4,1,0
3,0.03,2,2,0.0,1,0,0
1,0.29,7,2,0.56,2,0,0
4,0.49,3,3,0.3,0,0,0
0,0.21,3,2,0.06,0,0,0
2,0.11,7,3,0.2,1,1,0
2,0.26,3,0,0.03,3,0,0
2,0.32,3,0,0.32,4,0,0
5,0.16,6,1,0.07,2,0,0
1,0.36,4,0,0.28,2,0,0
1,0.49,3,4,0.18,1,0,0
1,0.45,4,0,0.46,1,0,0
1,0.15,4,2,0.29,1,0,0
2,0.16,1,1,0.51,3,0,0
3,0.19,2,1,0.56,4,1,0
3,0.2,3,2,0.58,3,1,0
2,0.05,2,3,0.16,1,0,0
1,0.38,0,4,0.46,0,0,0
1,0.18,1,1,0.26,2,0,0
4,0.44,0,1,0.26,3,0,0
2,0.46,3,2,0.52,1,1,1
1,0.01,0,5,0.09,2,0,0
1,0.49,2,2,0.29,5,0,0
5,0.36,1,3,0.36,2,0,0
1,0.26,2,2,0.04,1,0,0
2,0.19,0,3,0.52,3,0,0
4,0.26,7,1,0.19,4,1,0
2,0.16,3,1,0.39,0,0,0
2,0.31,2,3,0.56,4,0,0
1,0.05,4,2,0.43,2,0,0
1,0.31,1,2,0.53,2,0,0
1,0.14,4,0,0.04,1,0,0
2,0.01,5,1,0.3,1,0,0
2,0.28,3,1,0.34,1,1,0
0,0.29,2,2,0.41,2,0,0
3,0.21,0,1,0.07,1,0,0
3,0.04,0,2,0.39,5,0,0
1,0.45,4,1,0.09,0,0,0
3,0.31,0,0,0.04,1,0,0
4,0.06,4,6,0.28,4,1,0
4,0.26,5,1,0.36,2,1,0
2,0.25,2,2,0.57,3,0,0
1,0.03,0,0,0.42,2,1,0
0,0.3,1,5,0.35,2,0,0
3,0.4,6,1,0.13,3,0,0
2,0.37,1,0,0.09,1,0,0
0,0.1,0,1,0.36,2,0,0
5,0.43,2,1,0.13,1,0,0
4,0.17,3,2,0.42,3,0,0
1,0.47,7,0,0.07,1,1,1
4,0.04,3,1,0.2,1,1,0
3,0.24,4,2,0.46,2,0,0
4,0.3,4,1,0.5,2,1,0
3,0.12,1,1,0.21,1,0,0
1,0.39,3,1,0.12,3,1,1
3,0.31,1,1,0.57,4,0,0
2,0.01,4,1,0.46,4,1,0
2,0.3,4,1,0.48,4,0,0
2,0.25,5,1,0.13,1,1,0
1,0.1,3,1,0.25,2,0,0
5,0.5,6,0,0.04,1,1,1
4,0.45,3,2,0.07,3,1,1
1,0.15,2,1,0.13,3,0,0
3,0.27,1,2,0.18,2,1,0
3,0.16,7,1,0.6,0,0,0
4,0.39,8,0,0.25,2,1,1
1,0.47,2,1,0.42,4,0,0
1,0.18,5,0,0.54,0,0,0
2,0.4,3,2,0.15,1,0,0
1,0.25,5,1,0.09,4,0,0
1,0.2,2,2,0.15,1,0,0
0,0.47,4,2,0.53,2,0,0
2,0.26,1,2,0.4,1,1,0
2,0.23,3,5,0.27,3,0,0
1,0.34,4,1,0.49,3,0,0
1,0.13,2,1,0.14,1,0,0
3,0.16,2,1,0.14,3,0,0
2,0.47,4,1,0.34,0,0,0
1,0.34,3,0,0.47,2,0,0
1,0.41,2,3,0.16,0,1,1
1,0.14,2,2,0.13,2,0,0
2,0.27,4,0,0.28,1,0,0
4,0.49,6,2,0.08,2,0,0
1,0.16,1,3,0.45,1,0,0
0,0.08,2,2,0.35,2,0,0
1,0.26,3,1,0.31,0,0,0
2,0.19,1,1,0.52,3,0,0
0,0.08,4,1,0.44,1,0,0
3,0.44,3,0,0.09,2,0,0
1,0.5,4,2,0.25,3,0,0
1,0.28,4,2,0.19,3,1,0
7,0.39,3,2,0.48,0,0,1
1,0.43,1,2,0.43,3,0,0
1,0.35,3,0,0.28,1,0,0
0,0.02,5,2,0.49,4,0,0
5,0.08,2,2,0.25,0,0,0
1,0.04,2,1,0.48,0,0,0
2,0.0,4,2,0.02,1,1,0
0,0.15,6,2,0.08,5,1,0
2,0.2,1,4,0.45,2,0,0
2,0.12,3,1,0.07,3,0,0
4,0.03,3,4,0.41,1,1,0
2,0.26,4,2,0.43,2,0,0
2,0.14,3,3,0.4,1,0,0
2,0.4,4,1,0.49,5,0,0
0,0.0,0,0,0.31,2,0,0
5,0.42,1,1,0.54,3,0,0
1,0.48,5,3,0.34,1,0,0
6,0.36,3,1,0.3,1,0,1
3,0.37,2,2,0.31,2,0,0
3,0.47,1,0,0.55,1,0,0
2,0.1,3,1,0.15,3,0,0
1,0.5,3,3,0.42,1,0,0
5,0.39,2,1,0.15,0,0,0
0,0.36,3,1,0.06,1,0,0
2,0.18,2,1,0.57,2,0,0
3,0.27,7,1,0.08,1,0,0
1,0.33,1,3,0.41,1,1,0
2,0.31,1,2,0.25,0,0,0
1,0.35,5,4,0.5,3,0,0
2,0.04,5,1,0.46,3,1,0
1,0.18,2,0,0.09,1,0,0
1,0.22,1,3,0.28,1,0,0
4,0.13,2,0,0.02,4,0,0
3,0.09,5,1,0.26,3,0,0
3,0.07,3,2,0.42,0,0,0
1,0.18,4,3,0.14,1,0,0
1,0.25,1,1,0.49,2,0,0
3,0.03,4,0,0.03,1,1,0
5,0.47,4,2,0.02,2,0,0
1,0.38,5,1,0.02,1,0,0
5,0.37,2,4,0.17,6,0,0
1,0.09,3,3,0.28,3,0,0
2,0.3,2,4,0.06,2,0,0
2,0.26,1,0,0.6,0,0,0
1,0.49,3,1,0.6,1,0,0
2,0.37,5,0,0.31,1,0,0
2,0.29,3,4,0.34,1,0,0
2,0.43,1,0,0.56,1,0,0
2,0.08,2,0,0.46,3,0,0
3,0.01,6,1,0.1,5,0,0
0,0.35,5,0,0.48,3,1,0
4,0.05,4,1,0.14,1,0,0
1,0.06,3,0,0.26,1,0,0
0,0.37,1,1,0.32,1,1,1
